phi,u_circular,v_circular
0 1 1 1
0.01 1 0.995 0.995001
0.02 1 0.990001 0.990003
0.03 1 0.985002 0.985007
0.04 1 0.980005 0.980013
0.05 1 0.97501 0.975023
0.06 1 0.970018 0.970036
0.07 1 0.965029 0.965053
0.08 1 0.960043 0.960074
0.09 1 0.955061 0.9551
0.1 1 0.950083 0.950132
0.11 1 0.945111 0.945169
0.12 1 0.940144 0.940213
0.13 1 0.935183 0.935264
0.14 1 0.930228 0.930322
0.15 1 0.925281 0.925388
0.16 1 0.920341 0.920462
0.17 1 0.915409 0.915545
0.18 1 0.910485 0.910637
0.19 1 0.905571 0.905739
0.2 1 0.900665 0.900852
0.21 1 0.89577 0.895975
0.22 1 0.890885 0.891109
0.23 1 0.886011 0.886255
0.24 1 0.881149 0.881413
0.25 1 0.876298 0.876584
0.26 1 0.87146 0.871768
0.27 1 0.866634 0.866965
0.28 1 0.861822 0.862177
0.29 1 0.857024 0.857403
0.3 1 0.85224 0.852644
0.31 1 0.847471 0.8479
0.32 1 0.842717 0.843173
0.33 1 0.837978 0.838461
0.34 1 0.833256 0.833767
0.35 1 0.828551 0.82909
0.36 1 0.823863 0.824431
0.37 1 0.819192 0.81979
0.38 1 0.81454 0.815167
0.39 1 0.809906 0.810564
0.4 1 0.805291 0.805981
0.41 1 0.800695 0.801417
0.42 1 0.79612 0.796874
0.43 1 0.791565 0.792352
0.44 1 0.78703 0.787851
0.45 1 0.782517 0.783372
0.46 1 0.778026 0.778916
0.47 1 0.773557 0.774482
0.48 1 0.76911 0.770071
0.49 1 0.764687 0.765684
0.5 1 0.760287 0.761321
0.51 1 0.755911 0.756982
0.52 1 0.75156 0.752669
0.53 1 0.747233 0.74838
0.54 1 0.742932 0.744117
0.55 1 0.738656 0.739881
0.56 1 0.734407 0.735671
0.57 1 0.730184 0.731488
0.58 1 0.725988 0.727332
0.59 1 0.721819 0.723204
0.6 1 0.717679 0.719104
0.61 1 0.713566 0.715033
0.62 1 0.709482 0.710991
0.63 1 0.705428 0.706979
0.64 1 0.701402 0.702996
0.65 1 0.697407 0.699043
0.66 1 0.693442 0.695121
0.67 1 0.689507 0.69123
0.68 1 0.685603 0.68737
0.69 1 0.681731 0.683542
0.7 1 0.677891 0.679746
0.71 1 0.674083 0.675983
0.72 1 0.670308 0.672252
0.73 1 0.666565 0.668555
0.74 1 0.662856 0.664891
0.75 1 0.659181 0.661261
0.76 1 0.655539 0.657666
0.77 1 0.651932 0.654105
0.78 1 0.64836 0.650579
0.79 1 0.644823 0.647088
0.8 1 0.641322 0.643634
0.81 1 0.637856 0.640215
0.82 1 0.634427 0.636833
0.83 1 0.631034 0.633487
0.84 1 0.627678 0.630179
0.85 1 0.62436 0.626908
0.86 1 0.621079 0.623674
0.87 1 0.617836 0.620479
0.88 1 0.614631 0.617322
0.89 1 0.611464 0.614203
0.9 1 0.608337 0.611124
0.91 1 0.605248 0.608083
0.92 1 0.602199 0.605083
0.93 1 0.59919 0.602122
0.94 1 0.596221 0.599201
0.95 1 0.593292 0.596321
0.96 1 0.590404 0.593482
0.97 1 0.587557 0.590683
0.98 1 0.584751 0.587926
0.99 1 0.581987 0.58521
1 1 0.579265 0.582536
1.01 1 0.576584 0.579905
1.02 1 0.573946 0.577315
1.03 1 0.571351 0.574768
1.04 1 0.568798 0.572264
1.05 1 0.566288 0.569804
1.06 1 0.563822 0.567386
1.07 1 0.5614 0.565012
1.08 1 0.559021 0.562682
1.09 1 0.556687 0.560396
1.1 1 0.554396 0.558154
1.11 1 0.552151 0.555957
1.12 1 0.54995 0.553804
1.13 1 0.547794 0.551697
1.14 1 0.545683 0.549634
1.15 1 0.543618 0.547617
1.16 1 0.541598 0.545645
1.17 1 0.539625 0.54372
1.18 1 0.537697 0.54184
1.19 1 0.535816 0.540006
1.2 1 0.53398 0.538218
1.21 1 0.532192 0.536477
1.22 1 0.53045 0.534783
1.23 1 0.528756 0.533135
1.24 1 0.527108 0.531534
1.25 1 0.525508 0.529981
1.26 1 0.523955 0.528474
1.27 1 0.52245 0.527015
1.28 1 0.520992 0.525604
1.29 1 0.519582 0.524241
1.3 1 0.518221 0.522925
1.31 1 0.516908 0.521657
1.32 1 0.515642 0.520438
1.33 1 0.514426 0.519266
1.34 1 0.513258 0.518143
1.35 1 0.512138 0.517068
1.36 1 0.511068 0.516042
1.37 1 0.510046 0.515065
1.38 1 0.509073 0.514136
1.39 1 0.50815 0.513257
1.4 1 0.507275 0.512426
1.41 1 0.50645 0.511644
1.42 1 0.505674 0.510911
1.43 1 0.504948 0.510228
1.44 1 0.504271 0.509593
1.45 1 0.503644 0.509008
1.46 1 0.503066 0.508473
1.47 1 0.502538 0.507987
1.48 1 0.50206 0.50755
1.49 1 0.501631 0.507162
1.5 1 0.501253 0.506825
1.51 1 0.500924 0.506537
1.52 1 0.500645 0.506298
1.53 1 0.500416 0.506109
1.54 1 0.500237 0.50597
1.55 1 0.500108 0.50588
1.56 1 0.500029 0.50584
1.57 1 0.5 0.50585
1.58 1 0.500021 0.505909
1.59 1 0.500092 0.506018
1.6 1 0.500213 0.506177
1.61 1 0.500384 0.506385
1.62 1 0.500605 0.506643
1.63 1 0.500876 0.506951
1.64 1 0.501197 0.507308
1.65 1 0.501567 0.507715
1.66 1 0.501988 0.508171
1.67 1 0.502458 0.508676
1.68 1 0.502978 0.509231
1.69 1 0.503548 0.509835
1.7 1 0.504168 0.510489
1.71 1 0.504837 0.511192
1.72 1 0.505555 0.511944
1.73 1 0.506323 0.512745
1.74 1 0.50714 0.513595
1.75 1 0.508007 0.514494
1.76 1 0.508923 0.515441
1.77 1 0.509888 0.516438
1.78 1 0.510902 0.517483
1.79 1 0.511965 0.518576
1.8 1 0.513076 0.519718
1.81 1 0.514237 0.520908
1.82 1 0.515445 0.522147
1.83 1 0.516703 0.523433
1.84 1 0.518009 0.524768
1.85 1 0.519362 0.52615
1.86 1 0.520764 0.52758
1.87 1 0.522214 0.529057
1.88 1 0.523712 0.530582
1.89 1 0.525257 0.532154
1.9 1 0.52685 0.533773
1.91 1 0.52849 0.535439
1.92 1 0.530177 0.537152
1.93 1 0.531911 0.538911
1.94 1 0.533692 0.540717
1.95 1 0.53552 0.542569
1.96 1 0.537394 0.544467
1.97 1 0.539315 0.54641
1.98 1 0.541281 0.5484
1.99 1 0.543293 0.550435
2 1 0.545351 0.552515
2.01 1 0.547455 0.55464
2.02 1 0.549603 0.55681
2.03 1 0.551797 0.559025
2.04 1 0.554036 0.561284
2.05 1 0.556319 0.563587
2.06 1 0.558646 0.565935
2.07 1 0.561018 0.568326
2.08 1 0.563434 0.57076
2.09 1 0.565893 0.573238
2.1 1 0.568395 0.575759
2.11 1 0.570941 0.578322
2.12 1 0.57353 0.580928
2.13 1 0.576161 0.583576
2.14 1 0.578835 0.586266
2.15 1 0.581551 0.588998
2.16 1 0.584308 0.591772
2.17 1 0.587108 0.594586
2.18 1 0.589948 0.597442
2.19 1 0.59283 0.600338
2.2 1 0.595752 0.603274
2.21 1 0.598714 0.606251
2.22 1 0.601717 0.609267
2.23 1 0.60476 0.612322
2.24 1 0.607842 0.615417
2.25 1 0.610963 0.618551
2.26 1 0.614124 0.621723
2.27 1 0.617323 0.624933
2.28 1 0.62056 0.628181
2.29 1 0.623835 0.631467
2.3 1 0.627147 0.63479
2.31 1 0.630497 0.63815
2.32 1 0.633884 0.641547
2.33 1 0.637308 0.644979
2.34 1 0.640768 0.648448
2.35 1 0.644263 0.651952
2.36 1 0.647795 0.655492
2.37 1 0.651361 0.659066
2.38 1 0.654963 0.662675
2.39 1 0.658598 0.666319
2.4 1 0.662268 0.669995
2.41 1 0.665972 0.673706
2.42 1 0.669709 0.677449
2.43 1 0.67348 0.681225
2.44 1 0.677283 0.685034
2.45 1 0.681118 0.688874
2.46 1 0.684985 0.692747
2.47 1 0.688883 0.69665
2.48 1 0.692813 0.700584
2.49 1 0.696773 0.704548
2.5 1 0.700764 0.708543
2.51 1 0.704785 0.712567
2.52 1 0.708835 0.716621
2.53 1 0.712914 0.720703
2.54 1 0.717022 0.724814
2.55 1 0.721158 0.728953
2.56 1 0.725322 0.733119
2.57 1 0.729514 0.737313
2.58 1 0.733733 0.741533
2.59 1 0.737978 0.74578
2.6 1 0.742249 0.750053
2.61 1 0.746547 0.754351
2.62 1 0.750869 0.758675
2.63 1 0.755217 0.763023
2.64 1 0.759589 0.767396
2.65 1 0.763985 0.771792
2.66 1 0.768404 0.776212
2.67 1 0.772847 0.780655
2.68 1 0.777313 0.78512
2.69 1 0.7818 0.789607
2.7 1 0.78631 0.794117
2.71 1 0.790841 0.798647
2.72 1 0.795393 0.803198
2.73 1 0.799965 0.807769
2.74 1 0.804558 0.812361
2.75 1 0.80917 0.816971
2.76 1 0.8138 0.821601
2.77 1 0.81845 0.826249
2.78 1 0.823118 0.830915
2.79 1 0.827803 0.835599
2.8 1 0.832506 0.8403
2.81 1 0.837225 0.845018
2.82 1 0.841961 0.849752
2.83 1 0.846713 0.854501
2.84 1 0.851479 0.859266
2.85 1 0.856261 0.864046
2.86 1 0.861057 0.86884
2.87 1 0.865867 0.873648
2.88 1 0.87069 0.878469
2.89 1 0.875527 0.883304
2.9 1 0.880375 0.88815
2.91 1 0.885236 0.893009
2.92 1 0.890108 0.897879
2.93 1 0.894991 0.90276
2.94 1 0.899885 0.907652
2.95 1 0.904789 0.912554
2.96 1 0.909702 0.917465
2.97 1 0.914624 0.922386
2.98 1 0.919555 0.927315
2.99 1 0.924494 0.932252
3 1 0.92944 0.937197
3.01 1 0.934393 0.942149
3.02 1 0.939353 0.947108
3.03 1 0.944319 0.952072
3.04 1 0.949291 0.957043
3.05 1 0.954268 0.962019
3.06 1 0.959249 0.966999
3.07 1 0.964234 0.971984
3.08 1 0.969223 0.976972
3.09 1 0.974215 0.981964
3.1 1 0.97921 0.986959
3.11 1 0.984206 0.991955
3.12 1 0.989205 0.996954
3.13 1 0.994204 1.00195
3.14 1 0.999204 1.00695
3.15 1 1.0042 1.01196
3.16 1 1.0092 1.01696
3.17 1 1.0142 1.02196
3.18 1 1.0192 1.02696
3.19 1 1.02419 1.03195
3.2 1 1.02919 1.03695
3.21 1 1.03418 1.04194
3.22 1 1.03916 1.04693
3.23 1 1.04415 1.05192
3.24 1 1.04912 1.0569
3.25 1 1.0541 1.06188
3.26 1 1.05907 1.06685
3.27 1 1.06403 1.07181
3.28 1 1.06898 1.07677
3.29 1 1.07393 1.08173
3.3 1 1.07887 1.08668
3.31 1 1.08381 1.09162
3.32 1 1.08873 1.09655
3.33 1 1.09365 1.10147
3.34 1 1.09855 1.10638
3.35 1 1.10345 1.11129
3.36 1 1.10834 1.11618
3.37 1 1.11321 1.12107
3.38 1 1.11808 1.12594
3.39 1 1.12293 1.13081
3.4 1 1.12777 1.13566
3.41 1 1.1326 1.14049
3.42 1 1.13741 1.14532
3.43 1 1.14221 1.15013
3.44 1 1.147 1.15493
3.45 1 1.15177 1.15972
3.46 1 1.15653 1.16448
3.47 1 1.16127 1.16924
3.48 1 1.16599 1.17398
3.49 1 1.1707 1.1787
3.5 1 1.17539 1.18341
3.51 1 1.18007 1.1881
3.52 1 1.18472 1.19277
3.53 1 1.18936 1.19743
3.54 1 1.19398 1.20206
3.55 1 1.19857 1.20668
3.56 1 1.20315 1.21128
3.57 1 1.20771 1.21586
3.58 1 1.21225 1.22041
3.59 1 1.21677 1.22495
3.6 1 1.22126 1.22947
3.61 1 1.22573 1.23397
3.62 1 1.23018 1.23844
3.63 1 1.23461 1.24289
3.64 1 1.23901 1.24732
3.65 1 1.24339 1.25172
3.66 1 1.24775 1.25611
3.67 1 1.25208 1.26046
3.68 1 1.25638 1.2648
3.69 1 1.26066 1.26911
3.7 1 1.26492 1.27339
3.71 1 1.26915 1.27765
3.72 1 1.27335 1.28188
3.73 1 1.27752 1.28608
3.74 1 1.28166 1.29026
3.75 1 1.28578 1.29441
3.76 1 1.28987 1.29853
3.77 1 1.29393 1.30263
3.78 1 1.29796 1.30669
3.79 1 1.30196 1.31073
3.8 1 1.30593 1.31474
3.81 1 1.30987 1.31872
3.82 1 1.31378 1.32266
3.83 1 1.31765 1.32658
3.84 1 1.3215 1.33047
3.85 1 1.32531 1.33432
3.86 1 1.32909 1.33815
3.87 1 1.33284 1.34194
3.88 1 1.33656 1.3457
3.89 1 1.34024 1.34942
3.9 1 1.34388 1.35311
3.91 1 1.3475 1.35677
3.92 1 1.35107 1.3604
3.93 1 1.35462 1.36399
3.94 1 1.35812 1.36755
3.95 1 1.36159 1.37107
3.96 1 1.36503 1.37456
3.97 1 1.36843 1.37801
3.98 1 1.37179 1.38142
3.99 1 1.37511 1.3848
4 1 1.3784 1.38815
4.01 1 1.38165 1.39145
4.02 1 1.38486 1.39472
4.03 1 1.38803 1.39795
4.04 1 1.39117 1.40115
4.05 1 1.39426 1.4043
4.06 1 1.39732 1.40742
4.07 1 1.40033 1.41049
4.08 1 1.40331 1.41353
4.09 1 1.40624 1.41653
4.1 1 1.40914 1.41949
4.11 1 1.41199 1.42241
4.12 1 1.4148 1.42529
4.13 1 1.41758 1.42813
4.14 1 1.4203 1.43093
4.15 1 1.42299 1.43369
4.16 1 1.42564 1.4364
4.17 1 1.42824 1.43908
4.18 1 1.4308 1.44171
4.19 1 1.43331 1.4443
4.2 1 1.43579 1.44685
4.21 1 1.43822 1.44935
4.22 1 1.4406 1.45182
4.23 1 1.44294 1.45424
4.24 1 1.44524 1.45661
4.25 1 1.44749 1.45895
4.26 1 1.4497 1.46123
4.27 1 1.45187 1.46348
4.28 1 1.45398 1.46568
4.29 1 1.45606 1.46784
4.3 1 1.45808 1.46995
4.31 1 1.46006 1.47202
4.32 1 1.462 1.47404
4.33 1 1.46389 1.47601
4.34 1 1.46573 1.47795
4.35 1 1.46753 1.47983
4.36 1 1.46928 1.48167
4.37 1 1.47098 1.48346
4.38 1 1.47263 1.48521
4.39 1 1.47424 1.48691
4.4 1 1.4758 1.48857
4.41 1 1.47731 1.49018
4.42 1 1.47878 1.49174
4.43 1 1.4802 1.49325
4.44 1 1.48157 1.49472
4.45 1 1.48289 1.49614
4.46 1 1.48416 1.49751
4.47 1 1.48538 1.49884
4.48 1 1.48656 1.50012
4.49 1 1.48769 1.50135
4.5 1 1.48877 1.50253
4.51 1 1.48979 1.50366
4.52 1 1.49078 1.50475
4.53 1 1.49171 1.50579
4.54 1 1.49259 1.50678
4.55 1 1.49342 1.50772
4.56 1 1.49421 1.50861
4.57 1 1.49494 1.50945
4.58 1 1.49562 1.51025
4.59 1 1.49626 1.511
4.6 1 1.49685 1.51169
4.61 1 1.49738 1.51234
4.62 1 1.49787 1.51294
4.63 1 1.4983 1.51349
4.64 1 1.49869 1.514
4.65 1 1.49903 1.51445
4.66 1 1.49931 1.51485
4.67 1 1.49955 1.51521
4.68 1 1.49974 1.51551
4.69 1 1.49987 1.51577
4.7 1 1.49996 1.51597
4.71 1 1.5 1.51613
4.72 1 1.49999 1.51624
4.73 1 1.49992 1.5163
4.74 1 1.49981 1.51631
4.75 1 1.49965 1.51627
4.76 1 1.49943 1.51618
4.77 1 1.49917 1.51604
4.78 1 1.49886 1.51585
4.79 1 1.49849 1.51561
4.8 1 1.49808 1.51533
4.81 1 1.49762 1.51499
4.82 1 1.49711 1.51461
4.83 1 1.49655 1.51417
4.84 1 1.49593 1.51369
4.85 1 1.49527 1.51316
4.86 1 1.49456 1.51258
4.87 1 1.4938 1.51195
4.88 1 1.49299 1.51127
4.89 1 1.49213 1.51054
4.9 1 1.49123 1.50976
4.91 1 1.49027 1.50894
4.92 1 1.48926 1.50806
4.93 1 1.48821 1.50714
4.94 1 1.4871 1.50617
4.95 1 1.48595 1.50515
4.96 1 1.48475 1.50408
4.97 1 1.4835 1.50297
4.98 1 1.4822 1.5018
4.99 1 1.48086 1.50059
5 1 1.47946 1.49933
5.01 1 1.47802 1.49802
5.02 1 1.47653 1.49667
5.03 1 1.47499 1.49527
5.04 1 1.47341 1.49382
5.05 1 1.47177 1.49232
5.06 1 1.47009 1.49078
5.07 1 1.46837 1.48919
5.08 1 1.46659 1.48755
5.09 1 1.46477 1.48586
5.1 1 1.46291 1.48413
5.11 1 1.46099 1.48236
5.12 1 1.45904 1.48054
5.13 1 1.45703 1.47867
5.14 1 1.45498 1.47675
5.15 1 1.45288 1.47479
5.16 1 1.45074 1.47279
5.17 1 1.44856 1.47074
5.18 1 1.44632 1.46864
5.19 1 1.44405 1.4665
5.2 1 1.44173 1.46432
5.21 1 1.43936 1.46209
5.22 1 1.43695 1.45982
5.23 1 1.4345 1.4575
5.24 1 1.43201 1.45514
5.25 1 1.42947 1.45274
5.26 1 1.42689 1.45029
5.27 1 1.42426 1.44781
5.28 1 1.42159 1.44527
5.29 1 1.41888 1.4427
5.3 1 1.41613 1.44008
5.31 1 1.41334 1.43742
5.32 1 1.41051 1.43472
5.33 1 1.40763 1.43198
5.34 1 1.40472 1.4292
5.35 1 1.40176 1.42638
5.36 1 1.39876 1.42351
5.37 1 1.39573 1.42061
5.38 1 1.39265 1.41766
5.39 1 1.38954 1.41468
5.4 1 1.38638 1.41165
5.41 1 1.38319 1.40859
5.42 1 1.37996 1.40549
5.43 1 1.37669 1.40235
5.44 1 1.37338 1.39917
5.45 1 1.37004 1.39595
5.46 1 1.36666 1.3927
5.47 1 1.36324 1.38941
5.48 1 1.35979 1.38608
5.49 1 1.3563 1.38271
5.5 1 1.35277 1.37931
5.51 1 1.34921 1.37587
5.52 1 1.34561 1.3724
5.53 1 1.34198 1.36889
5.54 1 1.33832 1.36535
5.55 1 1.33462 1.36177
5.56 1 1.33089 1.35816
5.57 1 1.32712 1.35451
5.58 1 1.32333 1.35083
5.59 1 1.3195 1.34712
5.6 1 1.31563 1.34337
5.61 1 1.31174 1.33959
5.62 1 1.30782 1.33578
5.63 1 1.30386 1.33194
5.64 1 1.29987 1.32806
5.65 1 1.29586 1.32416
5.66 1 1.29181 1.32022
5.67 1 1.28774 1.31625
5.68 1 1.28363 1.31226
5.69 1 1.2795 1.30823
5.7 1 1.27534 1.30418
5.71 1 1.27116 1.30009
5.72 1 1.26694 1.29598
5.73 1 1.2627 1.29184
5.74 1 1.25843 1.28767
5.75 1 1.25414 1.28348
5.76 1 1.24982 1.27926
5.77 1 1.24548 1.27501
5.78 1 1.24111 1.27074
5.79 1 1.23672 1.26644
5.8 1 1.2323 1.26211
5.81 1 1.22786 1.25776
5.82 1 1.2234 1.25339
5.83 1 1.21892 1.249
5.84 1 1.21441 1.24458
5.85 1 1.20988 1.24013
5.86 1 1.20533 1.23567
5.87 1 1.20076 1.23118
5.88 1 1.19618 1.22667
5.89 1 1.19157 1.22214
5.9 1 1.18694 1.21759
5.91 1 1.18229 1.21302
5.92 1 1.17763 1.20843
5.93 1 1.17294 1.20382
5.94 1 1.16824 1.19919
5.95 1 1.16353 1.19454
5.96 1 1.15879 1.18988
5.97 1 1.15405 1.18519
5.98 1 1.14928 1.18049
5.99 1 1.1445 1.17578
6 1 1.13971 1.17104
6.01 1 1.1349 1.16629
6.02 1 1.13008 1.16153
6.03 1 1.12524 1.15675
6.04 1 1.1204 1.15196
6.05 1 1.11554 1.14715
6.06 1 1.11067 1.14233
6.07 1 1.10579 1.1375
6.08 1 1.1009 1.13265
6.09 1 1.09599 1.12779
6.1 1 1.09108 1.12292
6.11 1 1.08616 1.11804
6.12 1 1.08123 1.11315
6.13 1 1.07629 1.10825
6.14 1 1.07135 1.10334
6.15 1 1.0664 1.09842
6.16 1 1.06144 1.09349
6.17 1 1.05647 1.08855
6.18 1 1.0515 1.08361
6.19 1 1.04653 1.07866
6.2 1 1.04154 1.0737
6.21 1 1.03656 1.06874
6.22 1 1.03157 1.06377
6.23 1 1.02658 1.05879
6.24 1 1.02159 1.05381
6.25 1 1.01659 1.04883
6.26 1 1.01159 1.04384
6.27 1 1.00659 1.03885
6.28 1 1.00159 1.03385
6.29 1 0.996593 1.02885
6.3 1 0.991593 1.02386
6.31 1 0.986594 1.01886
6.32 1 0.981597 1.01386
6.33 1 0.976601 1.00885
6.34 1 0.971608 1.00385
6.35 1 0.966618 0.998854
6.36 1 0.96163 0.993854
6.37 1 0.956647 0.988857
6.38 1 0.951668 0.983861
6.39 1 0.946694 0.978869
6.4 1 0.941725 0.973879
6.41 1 0.936762 0.968893
6.42 1 0.931806 0.96391
6.43 1 0.926856 0.958933
6.44 1 0.921914 0.95396
6.45 1 0.916979 0.948993
6.46 1 0.912053 0.944032
6.47 1 0.907135 0.939077
6.48 1 0.902227 0.93413
6.49 1 0.897328 0.92919
6.5 1 0.89244 0.924257
6.51 1 0.887563 0.919334
6.52 1 0.882696 0.914419
6.53 1 0.877842 0.909513
6.54 1 0.872999 0.904618
6.55 1 0.86817 0.899732
6.56 1 0.863354 0.894858
6.57 1 0.858551 0.889995
6.58 1 0.853762 0.885144
6.59 1 0.848988 0.880305
6.6 1 0.844229 0.875478
6.61 1 0.839486 0.870665
6.62 1 0.834759 0.865866
6.63 1 0.830048 0.861081
6.64 1 0.825354 0.85631
6.65 1 0.820678 0.851555
6.66 1 0.81602 0.846815
6.67 1 0.81138 0.842091
6.68 1 0.806759 0.837383
6.69 1 0.802157 0.832693
6.7 1 0.797575 0.82802
6.71 1 0.793013 0.823365
6.72 1 0.788472 0.818728
6.73 1 0.783952 0.81411
6.74 1 0.779454 0.809511
6.75 1 0.774978 0.804932
6.76 1 0.770524 0.800374
6.77 1 0.766093 0.795835
6.78 1 0.761686 0.791318
6.79 1 0.757303 0.786822
6.8 1 0.752943 0.782349
6.81 1 0.748609 0.777897
6.82 1 0.744299 0.773469
6.83 1 0.740015 0.769063
6.84 1 0.735758 0.764682
6.85 1 0.731526 0.760324
6.86 1 0.727322 0.755991
6.87 1 0.723144 0.751683
6.88 1 0.718995 0.7474
6.89 1 0.714873 0.743144
6.9 1 0.71078 0.738913
6.91 1 0.706716 0.734709
6.92 1 0.702681 0.730532
6.93 1 0.698676 0.726383
6.94 1 0.694701 0.722262
6.95 1 0.690757 0.718168
6.96 1 0.686843 0.714104
6.97 1 0.682961 0.710068
6.98 1 0.679111 0.706063
6.99 1 0.675293 0.702087
7 1 0.671507 0.698141
7.01 1 0.667754 0.694226
7.02 1 0.664034 0.690342
7.03 1 0.660348 0.686489
7.04 1 0.656695 0.682669
7.05 1 0.653078 0.67888
7.06 1 0.649494 0.675124
7.07 1 0.645946 0.671401
7.08 1 0.642433 0.667712
7.09 1 0.638956 0.664056
7.1 1 0.635515 0.660434
7.11 1 0.632111 0.656846
7.12 1 0.628743 0.653293
7.13 1 0.625413 0.649775
7.14 1 0.62212 0.646293
7.15 1 0.618864 0.642847
7.16 1 0.615647 0.639436
7.17 1 0.612469 0.636062
7.18 1 0.609329 0.632725
7.19 1 0.606228 0.629425
7.2 1 0.603166 0.626163
7.21 1 0.600144 0.622938
7.22 1 0.597162 0.619751
7.23 1 0.594221 0.616603
7.24 1 0.59132 0.613494
7.25 1 0.58846 0.610423
7.26 1 0.585641 0.607392
7.27 1 0.582863 0.6044
7.28 1 0.580127 0.601449
7.29 1 0.577433 0.598537
7.3 1 0.574782 0.595666
7.31 1 0.572173 0.592836
7.32 1 0.569606 0.590047
7.33 1 0.567083 0.587299
7.34 1 0.564603 0.584593
7.35 1 0.562167 0.581929
7.36 1 0.559774 0.579307
7.37 1 0.557425 0.576727
7.38 1 0.555121 0.57419
7.39 1 0.552861 0.571696
7.4 1 0.550646 0.569245
7.41 1 0.548476 0.566838
7.42 1 0.546351 0.564474
7.43 1 0.544271 0.562154
7.44 1 0.542237 0.559878
7.45 1 0.540248 0.557646
7.46 1 0.538306 0.555459
7.47 1 0.53641 0.553317
7.48 1 0.53456 0.55122
7.49 1 0.532757 0.549168
7.5 1 0.531 0.547161
7.51 1 0.52929 0.5452
7.52 1 0.527628 0.543284
7.53 1 0.526012 0.541415
7.54 1 0.524444 0.539592
7.55 1 0.522924 0.537815
7.56 1 0.521451 0.536084
7.57 1 0.520026 0.534401
7.58 1 0.518649 0.532764
7.59 1 0.517321 0.531174
7.6 1 0.51604 0.529631
7.61 1 0.514808 0.528136
7.62 1 0.513625 0.526688
7.63 1 0.51249 0.525287
7.64 1 0.511403 0.523935
7.65 1 0.510366 0.52263
7.66 1 0.509378 0.521373
7.67 1 0.508438 0.520165
7.68 1 0.507548 0.519004
7.69 1 0.506707 0.517892
7.7 1 0.505916 0.516829
7.71 1 0.505174 0.515814
7.72 1 0.504481 0.514848
7.73 1 0.503838 0.51393
7.74 1 0.503244 0.513062
7.75 1 0.502701 0.512242
7.76 1 0.502207 0.511472
7.77 1 0.501762 0.51075
7.78 1 0.501368 0.510078
7.79 1 0.501023 0.509455
7.8 1 0.500728 0.508881
7.81 1 0.500484 0.508357
7.82 1 0.500289 0.507882
7.83 1 0.500144 0.507457
7.84 1 0.500049 0.507081
7.85 1 0.500004 0.506754
7.86 1 0.500009 0.506477
7.87 1 0.500064 0.50625
7.88 1 0.500169 0.506073
7.89 1 0.500324 0.505945
7.9 1 0.500529 0.505867
7.91 1 0.500784 0.505838
7.92 1 0.501089 0.505859
7.93 1 0.501444 0.50593
7.94 1 0.501849 0.50605
7.95 1 0.502303 0.50622
7.96 1 0.502807 0.50644
7.97 1 0.503361 0.506709
7.98 1 0.503965 0.507028
7.99 1 0.504618 0.507397
8 1 0.505321 0.507815
8.01 1 0.506073 0.508282
8.02 1 0.506875 0.508799
8.03 1 0.507726 0.509365
8.04 1 0.508626 0.509981
8.05 1 0.509575 0.510646
8.06 1 0.510573 0.51136
8.07 1 0.511621 0.512123
8.08 1 0.512717 0.512935
8.09 1 0.513862 0.513796
8.1 1 0.515055 0.514707
8.11 1 0.516297 0.515665
8.12 1 0.517587 0.516673
8.13 1 0.518926 0.517729
8.14 1 0.520313 0.518834
8.15 1 0.521747 0.519987
8.16 1 0.52323 0.521188
8.17 1 0.52476 0.522438
8.18 1 0.526337 0.523735
8.19 1 0.527962 0.52508
8.2 1 0.529635 0.526474
8.21 1 0.531354 0.527914
8.22 1 0.53312 0.529403
8.23 1 0.534933 0.530938
8.24 1 0.536792 0.532521
8.25 1 0.538698 0.534151
8.26 1 0.54065 0.535828
8.27 1 0.542647 0.537551
8.28 1 0.544691 0.539321
8.29 1 0.54678 0.541137
8.3 1 0.548914 0.543
8.31 1 0.551093 0.544908
8.32 1 0.553318 0.546863
8.33 1 0.555587 0.548862
8.34 1 0.5579 0.550908
8.35 1 0.560258 0.552998
8.36 1 0.562659 0.555134
8.37 1 0.565105 0.557314
8.38 1 0.567593 0.559539
8.39 1 0.570126 0.561808
8.4 1 0.572701 0.564122
8.41 1 0.575318 0.566479
8.42 1 0.577979 0.56888
8.43 1 0.580681 0.571324
8.44 1 0.583425 0.573812
8.45 1 0.586211 0.576343
8.46 1 0.589039 0.578916
8.47 1 0.591907 0.581532
8.48 1 0.594817 0.584189
8.49 1 0.597766 0.586889
8.5 1 0.600756 0.589631
8.51 1 0.603786 0.592413
8.52 1 0.606856 0.595237
8.53 1 0.609965 0.598102
8.54 1 0.613113 0.601008
8.55 1 0.616299 0.603953
8.56 1 0.619524 0.606939
8.57 1 0.622787 0.609964
8.58 1 0.626088 0.613028
8.59 1 0.629426 0.616132
8.6 1 0.632801 0.619275
8.61 1 0.636213 0.622455
8.62 1 0.639662 0.625675
8.63 1 0.643146 0.628931
8.64 1 0.646666 0.632226
8.65 1 0.650221 0.635557
8.66 1 0.653812 0.638926
8.67 1 0.657437 0.642331
8.68 1 0.661096 0.645772
8.69 1 0.664789 0.649249
8.7 1 0.668515 0.652761
8.71 1 0.672275 0.656309
8.72 1 0.676068 0.659891
8.73 1 0.679893 0.663508
8.74 1 0.683749 0.667159
8.75 1 0.687638 0.670843
8.76 1 0.691558 0.674561
8.77 1 0.695508 0.678312
8.78 1 0.69949 0.682096
8.79 1 0.703501 0.685912
8.8 1 0.707541 0.68976
8.81 1 0.711611 0.693639
8.82 1 0.71571 0.697549
8.83 1 0.719838 0.70149
8.84 1 0.723993 0.705462
8.85 1 0.728176 0.709463
8.86 1 0.732386 0.713494
8.87 1 0.736623 0.717554
8.88 1 0.740886 0.721643
8.89 1 0.745175 0.72576
8.9 1 0.74949 0.729906
8.91 1 0.753829 0.734078
8.92 1 0.758193 0.738278
8.93 1 0.762582 0.742505
8.94 1 0.766994 0.746758
8.95 1 0.77143 0.751036
8.96 1 0.775888 0.755341
8.97 1 0.780369 0.75967
8.98 1 0.784871 0.764024
8.99 1 0.789395 0.768402
9 1 0.793941 0.772803
9.01 1 0.798507 0.777229
9.02 1 0.803093 0.781677
9.03 1 0.807698 0.786147
9.04 1 0.812323 0.790639
9.05 1 0.816967 0.795153
9.06 1 0.821629 0.799689
9.07 1 0.826309 0.804244
9.08 1 0.831006 0.80882
9.09 1 0.83572 0.813416
9.1 1 0.840451 0.818031
9.11 1 0.845197 0.822665
9.12 1 0.849959 0.827318
9.13 1 0.854736 0.831988
9.14 1 0.859528 0.836676
9.15 1 0.864333 0.841381
9.16 1 0.869153 0.846102
9.17 1 0.873985 0.85084
9.18 1 0.87883 0.855593
9.19 1 0.883686 0.860361
9.2 1 0.888555 0.865144
9.21 1 0.893435 0.869941
9.22 1 0.898325 0.874752
9.23 1 0.903226 0.879577
9.24 1 0.908136 0.884414
9.25 1 0.913055 0.889263
9.26 1 0.917983 0.894125
9.27 1 0.92292 0.898998
9.28 1 0.927864 0.903881
9.29 1 0.932815 0.908775
9.3 1 0.937773 0.913679
9.31 1 0.942737 0.918593
9.32 1 0.947707 0.923515
9.33 1 0.952682 0.928446
9.34 1 0.957662 0.933385
9.35 1 0.962646 0.938332
9.36 1 0.967634 0.943285
9.37 1 0.972625 0.948245
9.38 1 0.977619 0.953212
9.39 1 0.982615 0.958183
9.4 1 0.987612 0.96316
9.41 1 0.992611 0.968142
9.42 1 0.997611 0.973127
9.43 1 1.00261 0.978117
9.44 1 1.00761 0.983109
9.45 1 1.01261 0.988104
9.46 1 1.01761 0.993101
9.47 1 1.0226 0.9981
9.48 1 1.0276 1.0031
9.49 1 1.03259 1.0081
9.5 1 1.03758 1.0131
9.51 1 1.04256 1.0181
9.52 1 1.04754 1.0231
9.53 1 1.05251 1.0281
9.54 1 1.05748 1.0331
9.55 1 1.06245 1.03809
9.56 1 1.06741 1.04309
9.57 1 1.07236 1.04807
9.58 1 1.0773 1.05306
9.59 1 1.08224 1.05804
9.6 1 1.08716 1.06302
9.61 1 1.09208 1.06799
9.62 1 1.09699 1.07295
9.63 1 1.10189 1.07791
9.64 1 1.10678 1.08286
9.65 1 1.11166 1.08781
9.66 1 1.11653 1.09275
9.67 1 1.12139 1.09768
9.68 1 1.12623 1.1026
9.69 1 1.13106 1.10751
9.7 1 1.13588 1.11241
9.71 1 1.14069 1.11731
9.72 1 1.14548 1.12219
9.73 1 1.15025 1.12706
9.74 1 1.15501 1.13192
9.75 1 1.15976 1.13677
9.76 1 1.16449 1.1416
9.77 1 1.1692 1.14642
9.78 1 1.1739 1.15123
9.79 1 1.17858 1.15603
9.8 1 1.18324 1.16081
9.81 1 1.18788 1.16558
9.82 1 1.19251 1.17033
9.83 1 1.19711 1.17506
9.84 1 1.2017 1.17978
9.85 1 1.20626 1.18449
9.86 1 1.21081 1.18917
9.87 1 1.21533 1.19384
9.88 1 1.21983 1.19849
9.89 1 1.22431 1.20312
9.9 1 1.22877 1.20774
9.91 1 1.2332 1.21233
9.92 1 1.23761 1.2169
9.93 1 1.242 1.22146
9.94 1 1.24636 1.22599
9.95 1 1.2507 1.2305
9.96 1 1.25502 1.23499
9.97 1 1.2593 1.23946
9.98 1 1.26357 1.24391
9.99 1 1.2678 1.24833
10 1 1.27201 1.25273
10.01 1 1.27619 1.25711
10.02 1 1.28035 1.26146
10.03 1 1.28447 1.26579
10.04 1 1.28857 1.27009
10.05 1 1.29264 1.27437
10.06 1 1.29668 1.27862
10.07 1 1.30069 1.28284
10.08 1 1.30467 1.28704
10.09 1 1.30862 1.29121
10.1 1 1.31254 1.29536
10.11 1 1.31642 1.29947
10.12 1 1.32028 1.30356
10.13 1 1.3241 1.30762
10.14 1 1.32789 1.31165
10.15 1 1.33165 1.31565
10.16 1 1.33538 1.31962
10.17 1 1.33907 1.32356
10.18 1 1.34273 1.32747
10.19 1 1.34635 1.33135
10.2 1 1.34994 1.3352
10.21 1 1.35349 1.33902
10.22 1 1.35701 1.3428
10.23 1 1.36049 1.34655
10.24 1 1.36394 1.35027
10.25 1 1.36735 1.35396
10.26 1 1.37072 1.35761
10.27 1 1.37406 1.36123
10.28 1 1.37736 1.36481
10.29 1 1.38062 1.36836
10.3 1 1.38384 1.37187
10.31 1 1.38703 1.37535
10.32 1 1.39017 1.3788
10.33 1 1.39328 1.3822
10.34 1 1.39635 1.38557
10.35 1 1.39938 1.38891
10.36 1 1.40237 1.39221
10.37 1 1.40531 1.39547
10.38 1 1.40822 1.39869
10.39 1 1.41109 1.40187
10.4 1 1.41391 1.40502
10.41 1 1.4167 1.40813
10.42 1 1.41944 1.41119
10.43 1 1.42214 1.41422
10.44 1 1.4248 1.41721
10.45 1 1.42741 1.42017
10.46 1 1.42999 1.42308
10.47 1 1.43252 1.42595
10.48 1 1.435 1.42878
10.49 1 1.43745 1.43157
10.5 1 1.43985 1.43431
10.51 1 1.4422 1.43702
10.52 1 1.44451 1.43968
10.53 1 1.44678 1.44231
10.54 1 1.449 1.44489
10.55 1 1.45118 1.44743
10.56 1 1.45331 1.44992
10.57 1 1.4554 1.45238
10.58 1 1.45744 1.45479
10.59 1 1.45944 1.45715
10.6 1 1.46139 1.45947
10.61 1 1.46329 1.46175
10.62 1 1.46515 1.46399
10.63 1 1.46696 1.46618
10.64 1 1.46872 1.46833
10.65 1 1.47044 1.47043
10.66 1 1.47211 1.47248
10.67 1 1.47373 1.47449
10.68 1 1.47531 1.47646
10.69 1 1.47684 1.47838
10.7 1 1.47832 1.48026
10.71 1 1.47975 1.48209
10.72 1 1.48113 1.48387
10.73 1 1.48247 1.48561
10.74 1 1.48376 1.4873
10.75 1 1.485 1.48894
10.76 1 1.48619 1.49054
10.77 1 1.48733 1.49209
10.78 1 1.48843 1.49359
10.79 1 1.48947 1.49505
10.8 1 1.49047 1.49646
10.81 1 1.49142 1.49782
10.82 1 1.49231 1.49914
10.83 1 1.49316 1.5004
10.84 1 1.49396 1.50162
10.85 1 1.49471 1.50279
10.86 1 1.49541 1.50392
10.87 1 1.49606 1.50499
10.88 1 1.49666 1.50602
10.89 1 1.49722 1.507
10.9 1 1.49772 1.50793
10.91 1 1.49817 1.50881
10.92 1 1.49857 1.50964
10.93 1 1.49893 1.51042
10.94 1 1.49923 1.51116
10.95 1 1.49948 1.51185
10.96 1 1.49968 1.51248
10.97 1 1.49984 1.51307
10.98 1 1.49994 1.51361
10.99 1 1.49999 1.5141
11 1 1.5 1.51454
11.01 1 1.49995 1.51494
11.02 1 1.49985 1.51528
11.03 1 1.4997 1.51557
11.04 1 1.49951 1.51582
11.05 1 1.49926 1.51601
11.06 1 1.49896 1.51616
11.07 1 1.49862 1.51626
11.08 1 1.49822 1.5163
11.09 1 1.49777 1.5163
11.1 1 1.49728 1.51625
11.11 1 1.49673 1.51615
11.12 1 1.49613 1.516
11.13 1 1.49549 1.5158
11.14 1 1.49479 1.51555
11.15 1 1.49405 1.51525
11.16 1 1.49326 1.51491
11.17 1 1.49241 1.51451
11.18 1 1.49152 1.51407
11.19 1 1.49058 1.51357
11.2 1 1.48959 1.51303
11.21 1 1.48855 1.51244
11.22 1 1.48746 1.51179
11.23 1 1.48632 1.5111
11.24 1 1.48514 1.51036
11.25 1 1.4839 1.50958
11.26 1 1.48262 1.50874
11.27 1 1.48129 1.50785
11.28 1 1.47991 1.50692
11.29 1 1.47848 1.50594
11.3 1 1.47701 1.50491
11.31 1 1.47549 1.50383
11.32 1 1.47392 1.5027
11.33 1 1.4723 1.50153
11.34 1 1.47063 1.50031
11.35 1 1.46892 1.49903
11.36 1 1.46716 1.49772
11.37 1 1.46536 1.49635
11.38 1 1.46351 1.49494
11.39 1 1.46161 1.49348
11.4 1 1.45966 1.49197
11.41 1 1.45767 1.49042
11.42 1 1.45564 1.48881
11.43 1 1.45356 1.48717
11.44 1 1.45143 1.48547
11.45 1 1.44926 1.48373
11.46 1 1.44704 1.48194
11.47 1 1.44478 1.48011
11.48 1 1.44247 1.47823
11.49 1 1.44012 1.47631
11.5 1 1.43773 1.47434
11.51 1 1.43529 1.47232
11.52 1 1.43281 1.47026
11.53 1 1.43028 1.46816
11.54 1 1.42771 1.46601
11.55 1 1.4251 1.46381
11.56 1 1.42245 1.46158
11.57 1 1.41975 1.45929
11.58 1 1.41701 1.45697
11.59 1 1.41424 1.4546
11.6 1 1.41141 1.45218
11.61 1 1.40855 1.44973
11.62 1 1.40565 1.44723
11.63 1 1.40271 1.44469
11.64 1 1.39972 1.4421
11.65 1 1.3967 1.43948
11.66 1 1.39364 1.43681
11.67 1 1.39053 1.4341
11.68 1 1.38739 1.43135
11.69 1 1.38421 1.42856
11.7 1 1.38099 1.42572
11.71 1 1.37773 1.42285
11.72 1 1.37444 1.41993
11.73 1 1.37111 1.41698
11.74 1 1.36774 1.41399
11.75 1 1.36433 1.41095
11.76 1 1.36089 1.40788
11.77 1 1.35741 1.40477
11.78 1 1.3539 1.40162
11.79 1 1.35035 1.39844
11.8 1 1.34676 1.39521
11.81 1 1.34314 1.39195
11.82 1 1.33949 1.38865
11.83 1 1.3358 1.38531
11.84 1 1.33208 1.38194
11.85 1 1.32833 1.37853
11.86 1 1.32454 1.37508
11.87 1 1.32072 1.3716
11.88 1 1.31687 1.36808
11.89 1 1.31298 1.36453
11.9 1 1.30907 1.36094
11.91 1 1.30512 1.35732
11.92 1 1.30115 1.35367
11.93 1 1.29714 1.34998
11.94 1 1.2931 1.34626
11.95 1 1.28904 1.3425
11.96 1 1.28494 1.33872
11.97 1 1.28082 1.3349
11.98 1 1.27667 1.33105
11.99 1 1.27249 1.32717
12 1 1.26829 1.32326
12.01 1 1.26405 1.31931
12.02 1 1.25979 1.31534
12.03 1 1.25551 1.31134
12.04 1 1.2512 1.3073
12.05 1 1.24686 1.30324
12.06 1 1.2425 1.29915
12.07 1 1.23812 1.29503
12.08 1 1.23371 1.29089
12.09 1 1.22928 1.28671
12.1 1 1.22482 1.28251
12.11 1 1.22035 1.27828
12.12 1 1.21585 1.27403
12.13 1 1.21133 1.26975
12.14 1 1.20678 1.26545
12.15 1 1.20222 1.26112
12.16 1 1.19764 1.25676
12.17 1 1.19304 1.25239
12.18 1 1.18841 1.24798
12.19 1 1.18377 1.24356
12.2 1 1.17911 1.23911
12.21 1 1.17444 1.23464
12.22 1 1.16974 1.23015
12.23 1 1.16503 1.22563
12.24 1 1.1603 1.2211
12.25 1 1.15556 1.21654
12.26 1 1.1508 1.21197
12.27 1 1.14603 1.20737
12.28 1 1.14124 1.20276
12.29 1 1.13643 1.19813
12.3 1 1.13162 1.19347
12.31 1 1.12679 1.1888
12.32 1 1.12194 1.18412
12.33 1 1.11709 1.17941
12.34 1 1.11222 1.17469
12.35 1 1.10734 1.16995
12.36 1 1.10245 1.1652
12.37 1 1.09756 1.16043
12.38 1 1.09265 1.15565
12.39 1 1.08773 1.15086
12.4 1 1.0828 1.14605
12.41 1 1.07787 1.14122
12.42 1 1.07292 1.13639
12.43 1 1.06797 1.13154
12.44 1 1.06302 1.12668
12.45 1 1.05805 1.1218
12.46 1 1.05309 1.11692
12.47 1 1.04811 1.11203
12.48 1 1.04313 1.10712
12.49 1 1.03815 1.10221
12.5 1 1.03316 1.09729
12.51 1 1.02817 1.09236
12.52 1 1.02318 1.08742
12.53 1 1.01818 1.08247
12.54 1 1.01318 1.07752
12.55 1 1.00818 1.07256
12.56 1 1.00319 1.0676
12.57 1 0.998185 1.06262
12.58 1 0.993186 1.05765
12.59 1 0.988186 1.05267
12.6 1 0.983188 1.04768
12.61 1 0.978192 1.04269
12.62 1 0.973198 1.0377
12.63 1 0.968207 1.03271
12.64 1 0.963219 1.02771
12.65 1 0.958234 1.02271
12.66 1 0.953254 1.01771
12.67 1 0.948278 1.01271
12.68 1 0.943307 1.00771
12.69 1 0.938343 1.00271
12.7 1 0.933384 0.997707
12.71 1 0.928432 0.992708
12.72 1 0.923487 0.987711
12.73 1 0.91855 0.982716
12.74 1 0.913621 0.977724
12.75 1 0.9087 0.972735
12.76 1 0.903789 0.96775
12.77 1 0.898887 0.962769
12.78 1 0.893996 0.957792
12.79 1 0.889115 0.952821
12.8 1 0.884245 0.947855
12.81 1 0.879387 0.942895
12.82 1 0.874541 0.937942
12.83 1 0.869707 0.932996
12.84 1 0.864886 0.928058
12.85 1 0.860079 0.923128
12.86 1 0.855286 0.918206
12.87 1 0.850507 0.913293
12.88 1 0.845743 0.90839
12.89 1 0.840995 0.903497
12.9 1 0.836263 0.898614
12.91 1 0.831547 0.893742
12.92 1 0.826848 0.888882
12.93 1 0.822166 0.884033
12.94 1 0.817502 0.879197
12.95 1 0.812856 0.874374
12.96 1 0.808229 0.869564
12.97 1 0.803621 0.864767
12.98 1 0.799032 0.859985
12.99 1 0.794464 0.855218
13 1 0.789916 0.850466
13.01 1 0.78539 0.84573
13.02 1 0.780885 0.84101
13.03 1 0.776401 0.836306
13.04 1 0.77194 0.83162
13.05 1 0.767502 0.826951
13.06 1 0.763087 0.8223
13.07 1 0.758696 0.817668
13.08 1 0.754329 0.813054
13.09 1 0.749987 0.80846
13.1 1 0.745669 0.803885
13.11 1 0.741377 0.799331
13.12 1 0.737111 0.794798
13.13 1 0.732871 0.790285
13.14 1 0.728658 0.785795
13.15 1 0.724472 0.781326
13.16 1 0.720313 0.77688
13.17 1 0.716183 0.772456
13.18 1 0.712081 0.768056
13.19 1 0.708007 0.76368
13.2 1 0.703963 0.759328
13.21 1 0.699949 0.755001
13.22 1 0.695964 0.750699
13.23 1 0.69201 0.746422
13.24 1 0.688087 0.742171
13.25 1 0.684195 0.737947
13.26 1 0.680334 0.733749
13.27 1 0.676505 0.729578
13.28 1 0.672709 0.725435
13.29 1 0.668946 0.72132
13.3 1 0.665215 0.717234
13.31 1 0.661518 0.713176
13.32 1 0.657855 0.709147
13.33 1 0.654226 0.705148
13.34 1 0.650632 0.701179
13.35 1 0.647073 0.69724
13.36 1 0.643548 0.693333
13.37 1 0.64006 0.689456
13.38 1 0.636608 0.68561
13.39 1 0.633191 0.681797
13.4 1 0.629812 0.678016
13.41 1 0.62647 0.674268
13.42 1 0.623165 0.670552
13.43 1 0.619897 0.66687
13.44 1 0.616668 0.663222
13.45 1 0.613477 0.659608
13.46 1 0.610324 0.656028
13.47 1 0.607211 0.652483
13.48 1 0.604137 0.648974
13.49 1 0.601102 0.6455
13.5 1 0.598108 0.642061
13.51 1 0.595153 0.638659
13.52 1 0.592239 0.635294
13.53 1 0.589366 0.631965
13.54 1 0.586534 0.628674
13.55 1 0.583743 0.62542
13.56 1 0.580994 0.622204
13.57 1 0.578287 0.619026
13.58 1 0.575622 0.615887
13.59 1 0.572999 0.612786
13.6 1 0.570419 0.609724
13.61 1 0.567882 0.606702
13.62 1 0.565388 0.60372
13.63 1 0.562938 0.600778
13.64 1 0.560531 0.597875
13.65 1 0.558169 0.595014
13.66 1 0.55585 0.592193
13.67 1 0.553576 0.589413
13.68 1 0.551347 0.586675
13.69 1 0.549162 0.583979
13.7 1 0.547023 0.581324
13.71 1 0.544928 0.578712
13.72 1 0.54288 0.576142
13.73 1 0.540877 0.573615
13.74 1 0.53892 0.571131
13.75 1 0.537009 0.56869
13.76 1 0.535144 0.566292
13.77 1 0.533326 0.563938
13.78 1 0.531554 0.561628
13.79 1 0.52983 0.559362
13.8 1 0.528152 0.557141
13.81 1 0.526522 0.554964
13.82 1 0.524939 0.552832
13.83 1 0.523403 0.550745
13.84 1 0.521915 0.548704
13.85 1 0.520475 0.546707
13.86 1 0.519083 0.544757
13.87 1 0.517739 0.542852
13.88 1 0.516443 0.540993
13.89 1 0.515195 0.53918
13.9 1 0.513996 0.537414
13.91 1 0.512846 0.535694
13.92 1 0.511744 0.534021
13.93 1 0.510691 0.532395
13.94 1 0.509687 0.530816
13.95 1 0.508732 0.529284
13.96 1 0.507827 0.527799
13.97 1 0.50697 0.526362
13.98 1 0.506163 0.524973
13.99 1 0.505405 0.523631
14 1 0.504696 0.522338
14.01 1 0.504037 0.521092
14.02 1 0.503428 0.519894
14.03 1 0.502868 0.518745
14.04 1 0.502358 0.517644
14.05 1 0.501898 0.516592
14.06 1 0.501488 0.515588
14.07 1 0.501127 0.514633
14.08 1 0.500817 0.513727
14.09 1 0.500556 0.51287
14.1 1 0.500345 0.512061
14.11 1 0.500184 0.511302
14.12 1 0.500074 0.510592
14.13 1 0.500013 0.509931
14.14 1 0.500002 0.509319
14.15 1 0.500041 0.508757
14.16 1 0.50013 0.508244
14.17 1 0.500269 0.50778
14.18 1 0.500459 0.507366
14.19 1 0.500698 0.507001
14.2 1 0.500987 0.506686
14.21 1 0.501326 0.506421
14.22 1 0.501714 0.506205
14.23 1 0.502153 0.506039
14.24 1 0.502641 0.505923
14.25 1 0.503179 0.505856
14.26 1 0.503767 0.505838
14.27 1 0.504405 0.505871
14.28 1 0.505092 0.505953
14.29 1 0.505828 0.506085
14.3 1 0.506614 0.506266
14.31 1 0.507449 0.506497
14.32 1 0.508334 0.506778
14.33 1 0.509267 0.507108
14.34 1 0.51025 0.507488
14.35 1 0.511282 0.507918
14.36 1 0.512362 0.508396
14.37 1 0.513492 0.508925
14.38 1 0.51467 0.509502
14.39 1 0.515896 0.510129
14.4 1 0.517171 0.510805
14.41 1 0.518494 0.511531
14.42 1 0.519866 0.512305
14.43 1 0.521285 0.513128
14.44 1 0.522752 0.514001
14.45 1 0.524267 0.514922
14.46 1 0.52583 0.515892
14.47 1 0.52744 0.516911
14.48 1 0.529097 0.517978
14.49 1 0.530801 0.519094
14.5 1 0.532552 0.520258
14.51 1 0.53435 0.52147
14.52 1 0.536195 0.522731
14.53 1 0.538086 0.524039
14.54 1 0.540023 0.525396
14.55 1 0.542006 0.5268
14.56 1 0.544035 0.528252
14.57 1 0.546109 0.529751
14.58 1 0.548229 0.531297
14.59 1 0.550394 0.532891
14.6 1 0.552604 0.534531
14.61 1 0.554859 0.536219
14.62 1 0.557158 0.537953
14.63 1 0.559502 0.539733
14.64 1 0.56189 0.54156
14.65 1 0.564321 0.543433
14.66 1 0.566796 0.545352
14.67 1 0.569314 0.547317
14.68 1 0.571876 0.549327
14.69 1 0.57448 0.551383
14.7 1 0.577127 0.553484
14.71 1 0.579816 0.55563
14.72 1 0.582547 0.55782
14.73 1 0.585319 0.560056
14.74 1 0.588134 0.562335
14.75 1 0.590989 0.564658
14.76 1 0.593885 0.567026
14.77 1 0.596822 0.569437
14.78 1 0.5998 0.571891
14.79 1 0.602817 0.574388
14.8 1 0.605874 0.576929
14.81 1 0.60897 0.579512
14.82 1 0.612106 0.582137
14.83 1 0.61528 0.584805
14.84 1 0.618493 0.587514
14.85 1 0.621744 0.590265
14.86 1 0.625033 0.593057
14.87 1 0.628359 0.595891
14.88 1 0.631722 0.598765
14.89 1 0.635123 0.601679
14.9 1 0.638559 0.604634
14.91 1 0.642032 0.607629
14.92 1 0.645541 0.610663
14.93 1 0.649085 0.613737
14.94 1 0.652664 0.616849
14.95 1 0.656278 0.620001
14.96 1 0.659926 0.62319
14.97 1 0.663609 0.626418
14.98 1 0.667325 0.629683
14.99 1 0.671074 0.632986
15 1 0.674856 0.636326
15.01 1 0.678671 0.639703
15.02 1 0.682517 0.643116
15.03 1 0.686396 0.646566
15.04 1 0.690306 0.650051
15.05 1 0.694247 0.653571
15.06 1 0.698218 0.657127
15.07 1 0.70222 0.660717
15.08 1 0.706251 0.664342
15.09 1 0.710312 0.668001
15.1 1 0.714402 0.671693
15.11 1 0.71852 0.675419
15.12 1 0.722666 0.679177
15.13 1 0.72684 0.682968
15.14 1 0.731042 0.686791
15.15 1 0.73527 0.690646
15.16 1 0.739525 0.694533
15.17 1 0.743806 0.69845
15.18 1 0.748113 0.702398
15.19 1 0.752444 0.706377
15.2 1 0.756801 0.710385
15.21 1 0.761181 0.714423
15.22 1 0.765586 0.718489
15.23 1 0.770014 0.722585
15.24 1 0.774465 0.726708
15.25 1 0.778939 0.73086
15.26 1 0.783435 0.735039
15.27 1 0.787952 0.739245
15.28 1 0.792491 0.743478
15.29 1 0.79705 0.747736
15.3 1 0.80163 0.752021
15.31 1 0.806229 0.756331
15.32 1 0.810848 0.760666
15.33 1 0.815486 0.765025
15.34 1 0.820142 0.769409
15.35 1 0.824816 0.773816
15.36 1 0.829508 0.778247
15.37 1 0.834217 0.7827
15.38 1 0.838942 0.787175
15.39 1 0.843684 0.791673
15.4 1 0.848441 0.796192
15.41 1 0.853213 0.800731
15.42 1 0.858 0.805292
15.43 1 0.862801 0.809872
15.44 1 0.867616 0.814473
15.45 1 0.872444 0.819092
15.46 1 0.877285 0.82373
15.47 1 0.882138 0.828387
15.48 1 0.887003 0.833061
15.49 1 0.891879 0.837753
15.5 1 0.896766 0.842462
15.51 1 0.901664 0.847187
15.52 1 0.906571 0.851928
15.53 1 0.911487 0.856685
15.54 1 0.916413 0.861457
15.55 1 0.921346 0.866243
15.56 1 0.926288 0.871043
15.57 1 0.931237 0.875858
15.58 1 0.936193 0.880685
15.59 1 0.941155 0.885525
15.6 1 0.946123 0.890377
15.61 1 0.951097 0.895241
15.62 1 0.956075 0.900116
15.63 1 0.961058 0.905002
15.64 1 0.966045 0.909899
15.65 1 0.971035 0.914805
15.66 1 0.976028 0.919721
15.67 1 0.981023 0.924645
15.68 1 0.98602 0.929578
15.69 1 0.991019 0.934519
15.7 1 0.996018 0.939467
15.71 1 1.00102 0.944422
15.72 1 1.00602 0.949384
15.73 1 1.01102 0.954351
15.74 1 1.01602 0.959324
15.75 1 1.02101 0.964302
15.76 1 1.02601 0.969285
15.77 1 1.031 0.974271
15.78 1 1.03599 0.979261
15.79 1 1.04097 0.984254
15.8 1 1.04595 0.98925
15.81 1 1.05093 0.994248
15.82 1 1.0559 0.999247
15.83 1 1.06087 1.00425
15.84 1 1.06583 1.00925
15.85 1 1.07078 1.01425
15.86 1 1.07573 1.01925
15.87 1 1.08066 1.02425
15.88 1 1.08559 1.02925
15.89 1 1.09052 1.03424
15.9 1 1.09543 1.03924
15.91 1 1.10033 1.04423
15.92 1 1.10523 1.04922
15.93 1 1.11011 1.0542
15.94 1 1.11498 1.05918
15.95 1 1.11984 1.06416
15.96 1 1.12469 1.06913
15.97 1 1.12952 1.07409
15.98 1 1.13435 1.07905
15.99 1 1.13916 1.084
16 1 1.14395 1.08894
16.01 1 1.14873 1.09388
16.02 1 1.1535 1.09881
16.03 1 1.15825 1.10373
16.04 1 1.16298 1.10864
16.05 1 1.1677 1.11354
16.06 1 1.17241 1.11843
16.07 1 1.17709 1.12331
16.08 1 1.18176 1.12817
16.09 1 1.18641 1.13303
16.1 1 1.19104 1.13788
16.11 1 1.19565 1.14271
16.12 1 1.20024 1.14753
16.13 1 1.20481 1.15233
16.14 1 1.20936 1.15713
16.15 1 1.21389 1.1619
16.16 1 1.2184 1.16667
16.17 1 1.22289 1.17142
16.18 1 1.22735 1.17615
16.19 1 1.23179 1.18086
16.2 1 1.23621 1.18556
16.21 1 1.24061 1.19024
16.22 1 1.24498 1.19491
16.23 1 1.24932 1.19955
16.24 1 1.25364 1.20418
16.25 1 1.25794 1.20879
16.26 1 1.26221 1.21338
16.27 1 1.26646 1.21795
16.28 1 1.27067 1.2225
16.29 1 1.27486 1.22703
16.3 1 1.27903 1.23153
16.31 1 1.28316 1.23602
16.32 1 1.28727 1.24048
16.33 1 1.29135 1.24492
16.34 1 1.29539 1.24934
16.35 1 1.29941 1.25374
16.36 1 1.3034 1.25811
16.37 1 1.30736 1.26245
16.38 1 1.31129 1.26678
16.39 1 1.31519 1.27107
16.4 1 1.31905 1.27534
16.41 1 1.32289 1.27959
16.42 1 1.32669 1.28381
16.43 1 1.33046 1.288
16.44 1 1.33419 1.29217
16.45 1 1.3379 1.2963
16.46 1 1.34156 1.30041
16.47 1 1.3452 1.3045
16.48 1 1.3488 1.30855
16.49 1 1.35236 1.31257
16.5 1 1.35589 1.31657
16.51 1 1.35939 1.32053
16.52 1 1.36284 1.32446
16.53 1 1.36627 1.32837
16.54 1 1.36965 1.33224
16.55 1 1.373 1.33608
16.56 1 1.37631 1.33989
16.57 1 1.37958 1.34366
16.58 1 1.38282 1.34741
16.59 1 1.38602 1.35112
16.6 1 1.38918 1.3548
16.61 1 1.3923 1.35844
16.62 1 1.39538 1.36205
16.63 1 1.39842 1.36563
16.64 1 1.40142 1.36917
16.65 1 1.40438 1.37267
16.66 1 1.4073 1.37615
16.67 1 1.41018 1.37958
16.68 1 1.41302 1.38298
16.69 1 1.41582 1.38634
16.7 1 1.41857 1.38967
16.71 1 1.42128 1.39296
16.72 1 1.42396 1.39621
16.73 1 1.42659 1.39942
16.74 1 1.42917 1.4026
16.75 1 1.43172 1.40573
16.76 1 1.43422 1.40883
16.77 1 1.43667 1.41189
16.78 1 1.43909 1.41491
16.79 1 1.44146 1.4179
16.8 1 1.44378 1.42084
16.81 1 1.44606 1.42374
16.82 1 1.4483 1.4266
16.83 1 1.45049 1.42942
16.84 1 1.45264 1.4322
16.85 1 1.45474 1.43494
16.86 1 1.4568 1.43763
16.87 1 1.45881 1.44029
16.88 1 1.46077 1.4429
16.89 1 1.46269 1.44547
16.9 1 1.46456 1.448
16.91 1 1.46639 1.45049
16.92 1 1.46817 1.45293
16.93 1 1.4699 1.45533
16.94 1 1.47158 1.45769
16.95 1 1.47322 1.46
16.96 1 1.47481 1.46227
16.97 1 1.47636 1.46449
16.98 1 1.47785 1.46667
16.99 1 1.4793 1.46881
17 1 1.4807 1.4709
17.01 1 1.48205 1.47295
17.02 1 1.48335 1.47495
17.03 1 1.48461 1.47691
17.04 1 1.48582 1.47882
17.05 1 1.48697 1.48068
17.06 1 1.48808 1.4825
17.07 1 1.48914 1.48427
17.08 1 1.49016 1.486
17.09 1 1.49112 1.48768
17.1 1 1.49203 1.48931
17.11 1 1.4929 1.4909
17.12 1 1.49371 1.49244
17.13 1 1.49448 1.49393
17.14 1 1.49519 1.49538
17.15 1 1.49586 1.49678
17.16 1 1.49648 1.49813
17.17 1 1.49705 1.49943
17.18 1 1.49756 1.50069
17.19 1 1.49803 1.5019
17.2 1 1.49845 1.50306
17.21 1 1.49882 1.50417
17.22 1 1.49914 1.50523
17.23 1 1.49941 1.50625
17.24 1 1.49962 1.50721
17.25 1 1.49979 1.50813
17.26 1 1.49991 1.509
17.27 1 1.49998 1.50982
17.28 1 1.5 1.5106
17.29 1 1.49997 1.51132
17.3 1 1.49989 1.512
17.31 1 1.49976 1.51262
17.32 1 1.49957 1.5132
17.33 1 1.49934 1.51373
17.34 1 1.49906 1.51421
17.35 1 1.49873 1.51464
17.36 1 1.49835 1.51502
17.37 1 1.49792 1.51535
17.38 1 1.49744 1.51563
17.39 1 1.49691 1.51587
17.4 1 1.49633 1.51605
17.41 1 1.4957 1.51619
17.42 1 1.49502 1.51627
17.43 1 1.49429 1.51631
17.44 1 1.49351 1.51629
17.45 1 1.49269 1.51623
17.46 1 1.49181 1.51612
17.47 1 1.49088 1.51596
17.48 1 1.48991 1.51575
17.49 1 1.48889 1.51549
17.5 1 1.48781 1.51518
17.51 1 1.48669 1.51482
17.52 1 1.48552 1.51441
17.53 1 1.4843 1.51396
17.54 1 1.48304 1.51345
17.55 1 1.48172 1.5129
17.56 1 1.48036 1.51229
17.57 1 1.47894 1.51164
17.58 1 1.47748 1.51094
17.59 1 1.47598 1.51019
17.6 1 1.47442 1.50939
17.61 1 1.47282 1.50854
17.62 1 1.47117 1.50765
17.63 1 1.46947 1.5067
17.64 1 1.46773 1.50571
17.65 1 1.46594 1.50467
17.66 1 1.4641 1.50358
17.67 1 1.46222 1.50244
17.68 1 1.46029 1.50125
17.69 1 1.45831 1.50002
17.7 1 1.45629 1.49874
17.71 1 1.45422 1.49741
17.72 1 1.45211 1.49603
17.73 1 1.44995 1.49461
17.74 1 1.44775 1.49314
17.75 1 1.4455 1.49162
17.76 1 1.44321 1.49005
17.77 1 1.44087 1.48844
17.78 1 1.43849 1.48678
17.79 1 1.43607 1.48508
17.8 1 1.4336 1.48333
17.81 1 1.43109 1.48153
17.82 1 1.42854 1.47968
17.83 1 1.42594 1.4778
17.84 1 1.4233 1.47586
17.85 1 1.42062 1.47388
17.86 1 1.41789 1.47185
17.87 1 1.41512 1.46978
17.88 1 1.41232 1.46767
17.89 1 1.40947 1.46551
17.9 1 1.40658 1.4633
17.91 1 1.40365 1.46106
17.92 1 1.40068 1.45876
17.93 1 1.39767 1.45643
17.94 1 1.39462 1.45405
17.95 1 1.39153 1.45162
17.96 1 1.3884 1.44916
17.97 1 1.38523 1.44665
17.98 1 1.38202 1.4441
17.99 1 1.37878 1.4415
18 1 1.37549 1.43887
18.01 1 1.37217 1.43619
18.02 1 1.36882 1.43347
18.03 1 1.36542 1.43071
18.04 1 1.36199 1.42791
18.05 1 1.35852 1.42507
18.06 1 1.35502 1.42218
18.07 1 1.35148 1.41926
18.08 1 1.34791 1.4163
18.09 1 1.3443 1.4133
18.1 1 1.34066 1.41025
18.11 1 1.33698 1.40717
18.12 1 1.33327 1.40405
18.13 1 1.32953 1.4009
18.14 1 1.32575 1.3977
18.15 1 1.32194 1.39447
18.16 1 1.3181 1.39119
18.17 1 1.31422 1.38788
18.18 1 1.31032 1.38454
18.19 1 1.30638 1.38116
18.2 1 1.30242 1.37774
18.21 1 1.29842 1.37428
18.22 1 1.29439 1.3708
18.23 1 1.29034 1.36727
18.24 1 1.28625 1.36371
18.25 1 1.28214 1.36012
18.26 1 1.278 1.35649
18.27 1 1.27383 1.35283
18.28 1 1.26963 1.34913
18.29 1 1.2654 1.3454
18.3 1 1.26115 1.34164
18.31 1 1.25688 1.33785
18.32 1 1.25258 1.33402
18.33 1 1.24825 1.33016
18.34 1 1.24389 1.32627
18.35 1 1.23952 1.32235
18.36 1 1.23512 1.3184
18.37 1 1.23069 1.31442
18.38 1 1.22625 1.31041
18.39 1 1.22178 1.30637
18.4 1 1.21728 1.30231
18.41 1 1.21277 1.29821
18.42 1 1.20823 1.29408
18.43 1 1.20368 1.28993
18.44 1 1.1991 1.28575
18.45 1 1.1945 1.28155
18.46 1 1.18989 1.27731
18.47 1 1.18525 1.27305
18.48 1 1.1806 1.26877
18.49 1 1.17593 1.26446
18.5 1 1.17124 1.26012
18.51 1 1.16653 1.25576
18.52 1 1.16181 1.25138
18.53 1 1.15707 1.24697
18.54 1 1.15232 1.24254
18.55 1 1.14755 1.23809
18.56 1 1.14276 1.23361
18.57 1 1.13796 1.22911
18.58 1 1.13315 1.2246
18.59 1 1.12833 1.22006
18.6 1 1.12349 1.2155
18.61 1 1.11864 1.21092
18.62 1 1.11377 1.20632
18.63 1 1.1089 1.2017
18.64 1 1.10401 1.19706
18.65 1 1.09912 1.1924
18.66 1 1.09421 1.18773
18.67 1 1.0893 1.18304
18.68 1 1.08437 1.17833
18.69 1 1.07944 1.17361
18.7 1 1.0745 1.16887
18.71 1 1.06955 1.16411
18.72 1 1.0646 1.15934
18.73 1 1.05964 1.15455
18.74 1 1.05467 1.14975
18.75 1 1.0497 1.14494
18.76 1 1.04472 1.14011
18.77 1 1.03974 1.13527
18.78 1 1.03475 1.13042
18.79 1 1.02976 1.12556
18.8 1 1.02477 1.12069
18.81 1 1.01977 1.1158
18.82 1 1.01478 1.1109
18.83 1 1.00978 1.106
18.84 1 1.00478 1.10108
18.85 1 0.999778 1.09616
18.86 1 0.994778 1.09123
18.87 1 0.989779 1.08629
18.88 1 0.98478 1.08134
18.89 1 0.979783 1.07638
18.9 1 0.974789 1.07142
18.91 1 0.969796 1.06646
18.92 1 0.964807 1.06148
18.93 1 0.959821 1.05651
18.94 1 0.95484 1.05152
18.95 1 0.949862 1.04654
18.96 1 0.94489 1.04155
18.97 1 0.939923 1.03656
18.98 1 0.934963 1.03156
18.99 1 0.930009 1.02656
19 1 0.925061 1.02156
19.01 1 0.920122 1.01656
19.02 1 0.91519 1.01156
19.03 1 0.910267 1.00656
19.04 1 0.905353 1.00156
19.05 1 0.900448 0.996561
19.06 1 0.895553 0.991562
19.07 1 0.890669 0.986566
19.08 1 0.885795 0.981571
19.09 1 0.880933 0.97658
19.1 1 0.876083 0.971592
19.11 1 0.871245 0.966607
19.12 1 0.86642 0.961627
19.13 1 0.861609 0.956652
19.14 1 0.856811 0.951682
19.15 1 0.852028 0.946717
19.16 1 0.847259 0.941759
19.17 1 0.842506 0.936808
19.18 1 0.837768 0.931863
19.19 1 0.833047 0.926927
19.2 1 0.828343 0.921998
19.21 1 0.823655 0.917079
19.22 1 0.818985 0.912168
19.23 1 0.814334 0.907267
19.24 1 0.8097 0.902376
19.25 1 0.805086 0.897496
19.26 1 0.800492 0.892626
19.27 1 0.795917 0.887769
19.28 1 0.791363 0.882923
19.29 1 0.786829 0.87809
19.3 1 0.782317 0.873269
19.31 1 0.777827 0.868463
19.32 1 0.773359 0.86367
19.33 1 0.768913 0.858891
19.34 1 0.764491 0.854127
19.35 1 0.760092 0.849379
19.36 1 0.755718 0.844646
19.37 1 0.751367 0.83993
19.38 1 0.747042 0.83523
19.39 1 0.742742 0.830548
19.4 1 0.738467 0.825883
19.41 1 0.734219 0.821236
19.42 1 0.729997 0.816608
19.43 1 0.725802 0.811999
19.44 1 0.721635 0.807409
19.45 1 0.717496 0.802839
19.46 1 0.713384 0.79829
19.47 1 0.709302 0.793761
19.48 1 0.705248 0.789254
19.49 1 0.701224 0.784768
19.5 1 0.69723 0.780304
19.51 1 0.693266 0.775863
19.52 1 0.689333 0.771445
19.53 1 0.685431 0.767051
19.54 1 0.68156 0.76268
19.55 1 0.677721 0.758334
19.56 1 0.673915 0.754012
19.57 1 0.670141 0.749716
19.58 1 0.6664 0.745445
19.59 1 0.662692 0.7412
19.6 1 0.659018 0.736982
19.61 1 0.655378 0.73279
19.62 1 0.651773 0.728626
19.63 1 0.648202 0.724489
19.64 1 0.644667 0.720381
19.65 1 0.641167 0.716301
19.66 1 0.637703 0.71225
19.67 1 0.634276 0.708228
19.68 1 0.630885 0.704235
19.69 1 0.62753 0.700273
19.7 1 0.624213 0.696342
19.71 1 0.620934 0.692441
19.72 1 0.617692 0.688571
19.73 1 0.614489 0.684733
19.74 1 0.611324 0.680927
19.75 1 0.608199 0.677154
19.76 1 0.605112 0.673413
19.77 1 0.602065 0.669705
19.78 1 0.599057 0.666031
19.79 1 0.59609 0.66239
19.8 1 0.593163 0.658784
19.81 1 0.590277 0.655212
19.82 1 0.587432 0.651676
19.83 1 0.584628 0.648174
19.84 1 0.581865 0.644708
19.85 1 0.579145 0.641278
19.86 1 0.576466 0.637884
19.87 1 0.57383 0.634527
19.88 1 0.571236 0.631207
19.89 1 0.568686 0.627924
19.9 1 0.566178 0.624679
19.91 1 0.563714 0.621472
19.92 1 0.561293 0.618303
19.93 1 0.558916 0.615172
19.94 1 0.556584 0.612081
19.95 1 0.554296 0.609028
19.96 1 0.552052 0.606015
19.97 1 0.549853 0.603042
19.98 1 0.547699 0.600108
19.99 1 0.545591 0.597216
20 1 0.543527 0.594363
20.01 1 0.54151 0.591552
20.02 1 0.539538 0.588782
20.03 1 0.537612 0.586053
20.04 1 0.535733 0.583366
20.05 1 0.5339 0.580721
20.06 1 0.532114 0.578119
20.07 1 0.530374 0.575559
20.08 1 0.528681 0.573041
20.09 1 0.527036 0.570567
20.1 1 0.525438 0.568136
20.11 1 0.523887 0.565748
20.12 1 0.522384 0.563405
20.13 1 0.520928 0.561105
20.14 1 0.519521 0.558849
20.15 1 0.518162 0.556638
20.16 1 0.51685 0.554471
20.17 1 0.515587 0.55235
20.18 1 0.514373 0.550273
20.19 1 0.513207 0.548242
20.2 1 0.51209 0.546256
20.21 1 0.511021 0.544316
20.22 1 0.510002 0.542421
20.23 1 0.509031 0.540573
20.24 1 0.50811 0.538771
20.25 1 0.507237 0.537015
20.26 1 0.506414 0.535306
20.27 1 0.505641 0.533644
20.28 1 0.504917 0.532029
20.29 1 0.504242 0.53046
20.3 1 0.503617 0.528939
20.31 1 0.503041 0.527466
20.32 1 0.502516 0.52604
20.33 1 0.502039 0.524661
20.34 1 0.501613 0.52333
20.35 1 0.501237 0.522048
20.36 1 0.50091 0.520813
20.37 1 0.500634 0.519627
20.38 1 0.500407 0.518488
20.39 1 0.50023 0.517399
20.4 1 0.500104 0.516357
20.41 1 0.500027 0.515365
20.42 1 0.5 0.514421
20.43 1 0.500023 0.513526
20.44 1 0.500097 0.51268
20.45 1 0.50022 0.511883
20.46 1 0.500393 0.511135
20.47 1 0.500616 0.510436
20.48 1 0.500889 0.509786
20.49 1 0.501212 0.509186
20.5 1 0.501585 0.508635
20.51 1 0.502008 0.508133
20.52 1 0.50248 0.507681
20.53 1 0.503003 0.507278
20.54 1 0.503575 0.506925
20.55 1 0.504196 0.506621
20.56 1 0.504867 0.506367
20.57 1 0.505588 0.506163
20.58 1 0.506358 0.506008
20.59 1 0.507178 0.505903
20.6 1 0.508047 0.505847
20.61 1 0.508965 0.505842
20.62 1 0.509932 0.505885
20.63 1 0.510948 0.505979
20.64 1 0.512013 0.506122
20.65 1 0.513127 0.506315
20.66 1 0.514289 0.506557
20.67 1 0.5155 0.50685
20.68 1 0.51676 0.507191
20.69 1 0.518068 0.507582
20.7 1 0.519424 0.508023
20.71 1 0.520828 0.508513
20.72 1 0.52228 0.509053
20.73 1 0.52378 0.509642
20.74 1 0.525327 0.51028
20.75 1 0.526922 0.510967
20.76 1 0.528564 0.511704
20.77 1 0.530253 0.512489
20.78 1 0.53199 0.513324
20.79 1 0.533773 0.514208
20.8 1 0.535602 0.51514
20.81 1 0.537479 0.516121
20.82 1 0.539401 0.517151
20.83 1 0.541369 0.51823
20.84 1 0.543384 0.519357
20.85 1 0.545444 0.520532
20.86 1 0.547549 0.521755
20.87 1 0.5497 0.523027
20.88 1 0.551896 0.524346
20.89 1 0.554136 0.525713
20.9 1 0.556421 0.527128
20.91 1 0.558751 0.528591
20.92 1 0.561124 0.530101
20.93 1 0.563542 0.531658
20.94 1 0.566003 0.533263
20.95 1 0.568507 0.534914
20.96 1 0.571055 0.536612
20.97 1 0.573646 0.538357
20.98 1 0.576279 0.540148
20.99 1 0.578954 0.541986
21 1 0.581672 0.543869
21.01 1 0.584432 0.545799
21.02 1 0.587233 0.547774
21.03 1 0.590075 0.549795
21.04 1 0.592958 0.551861
21.05 1 0.595883 0.553972
21.06 1 0.598847 0.556128
21.07 1 0.601852 0.558329
21.08 1 0.604896 0.560574
21.09 1 0.60798 0.562864
21.1 1 0.611103 0.565197
21.11 1 0.614265 0.567575
21.12 1 0.617465 0.569996
21.13 1 0.620704 0.57246
21.14 1 0.623981 0.574967
21.15 1 0.627295 0.577517
21.16 1 0.630647 0.58011
21.17 1 0.634036 0.582745
21.18 1 0.637461 0.585422
21.19 1 0.640922 0.588141
21.2 1 0.644419 0.590902
21.21 1 0.647952 0.593703
21.22 1 0.65152 0.596546
21.23 1 0.655123 0.59943
21.24 1 0.658761 0.602353
21.25 1 0.662432 0.605317
21.26 1 0.666137 0.608321
21.27 1 0.669876 0.611364
21.28 1 0.673648 0.614447
21.29 1 0.677452 0.617568
21.3 1 0.681289 0.620729
21.31 1 0.685157 0.623927
21.32 1 0.689057 0.627163
21.33 1 0.692988 0.630438
21.34 1 0.69695 0.633749
21.35 1 0.700942 0.637097
21.36 1 0.704964 0.640483
21.37 1 0.709015 0.643904
21.38 1 0.713096 0.647362
21.39 1 0.717205 0.650855
21.4 1 0.721342 0.654384
21.41 1 0.725508 0.657947
21.42 1 0.729701 0.661545
21.43 1 0.733921 0.665178
21.44 1 0.738167 0.668844
21.45 1 0.74244 0.672544
21.46 1 0.746738 0.676277
21.47 1 0.751062 0.680043
21.48 1 0.75541 0.683842
21.49 1 0.759783 0.687672
21.5 1 0.76418 0.691535
21.51 1 0.768601 0.695428
21.52 1 0.773045 0.699353
21.53 1 0.777512 0.703308
21.54 1 0.782 0.707293
21.55 1 0.786511 0.711308
21.56 1 0.791043 0.715353
21.57 1 0.795596 0.719426
21.58 1 0.800169 0.723528
21.59 1 0.804762 0.727658
21.6 1 0.809375 0.731816
21.61 1 0.814007 0.736001
21.62 1 0.818657 0.740213
21.63 1 0.823326 0.744452
21.64 1 0.828012 0.748717
21.65 1 0.832715 0.753007
21.66 1 0.837435 0.757323
21.67 1 0.842172 0.761663
21.68 1 0.846924 0.766028
21.69 1 0.851691 0.770417
21.7 1 0.856474 0.77483
21.71 1 0.86127 0.779266
21.72 1 0.866081 0.783724
21.73 1 0.870905 0.788205
21.74 1 0.875742 0.792707
21.75 1 0.880591 0.797231
21.76 1 0.885452 0.801775
21.77 1 0.890325 0.80634
21.78 1 0.895208 0.810926
21.79 1 0.900103 0.81553
21.8 1 0.905007 0.820154
21.81 1 0.90992 0.824797
21.82 1 0.914843 0.829457
21.83 1 0.919774 0.834136
21.84 1 0.924713 0.838831
21.85 1 0.92966 0.843544
21.86 1 0.934614 0.848273
21.87 1 0.939574 0.853017
21.88 1 0.94454 0.857778
21.89 1 0.949512 0.862553
21.9 1 0.954489 0.867342
21.91 1 0.95947 0.872146
21.92 1 0.964456 0.876963
21.93 1 0.969445 0.881794
21.94 1 0.974437 0.886636
21.95 1 0.979432 0.891491
21.96 1 0.984428 0.896358
21.97 1 0.989427 0.901236
21.98 1 0.994426 0.906124
21.99 1 0.999426 0.911023
22 1 1.00443 0.915931
22.01 1 1.00943 0.920849
22.02 1 1.01442 0.925776
22.03 1 1.01942 0.93071
22.04 1 1.02442 0.935653
22.05 1 1.02941 0.940603
22.06 1 1.0344 0.945559
22.07 1 1.03938 0.950522
22.08 1 1.04437 0.955491
22.09 1 1.04935 0.960465
22.1 1 1.05432 0.965444
22.11 1 1.05929 0.970428
22.12 1 1.06425 0.975415
22.13 1 1.0692 0.980406
22.14 1 1.07415 0.9854
22.15 1 1.07909 0.990396
22.16 1 1.08403 0.995394
22.17 1 1.08895 1.00039
22.18 1 1.09387 1.00539
22.19 1 1.09877 1.01039
22.2 1 1.10367 1.0154
22.21 1 1.10855 1.0204
22.22 1 1.11343 1.0254
22.23 1 1.11829 1.03039
22.24 1 1.12315 1.03539
22.25 1 1.12799 1.04038
22.26 1 1.13281 1.04537
22.27 1 1.13763 1.05036
22.28 1 1.14243 1.05534
22.29 1 1.14721 1.06032
22.3 1 1.15198 1.0653
22.31 1 1.15674 1.07026
22.32 1 1.16148 1.07523
22.33 1 1.1662 1.08018
22.34 1 1.17091 1.08513
22.35 1 1.1756 1.09007
22.36 1 1.18027 1.09501
22.37 1 1.18493 1.09993
22.38 1 1.18956 1.10485
22.39 1 1.19418 1.10976
22.4 1 1.19878 1.11466
22.41 1 1.20336 1.11955
22.42 1 1.20791 1.12442
22.43 1 1.21245 1.12929
22.44 1 1.21697 1.13414
22.45 1 1.22146 1.13899
22.46 1 1.22593 1.14381
22.47 1 1.23038 1.14863
22.48 1 1.23481 1.15343
22.49 1 1.23921 1.15822
22.5 1 1.24359 1.163
22.51 1 1.24794 1.16776
22.52 1 1.25227 1.1725
22.53 1 1.25658 1.17723
22.54 1 1.26085 1.18194
22.55 1 1.26511 1.18664
22.56 1 1.26933 1.19131
22.57 1 1.27353 1.19597
22.58 1 1.2777 1.20062
22.59 1 1.28185 1.20524
22.6 1 1.28596 1.20984
22.61 1 1.29005 1.21443
22.62 1 1.29411 1.21899
22.63 1 1.29814 1.22354
22.64 1 1.30214 1.22806
22.65 1 1.3061 1.23256
22.66 1 1.31004 1.23704
22.67 1 1.31395 1.2415
22.68 1 1.31783 1.24594
22.69 1 1.32167 1.25035
22.7 1 1.32548 1.25474
22.71 1 1.32926 1.25911
22.72 1 1.33301 1.26345
22.73 1 1.33672 1.26776
22.74 1 1.3404 1.27205
22.75 1 1.34404 1.27632
22.76 1 1.34766 1.28056
22.77 1 1.35123 1.28477
22.78 1 1.35477 1.28896
22.79 1 1.35828 1.29312
22.8 1 1.36175 1.29725
22.81 1 1.36518 1.30135
22.82 1 1.36858 1.30543
22.83 1 1.37194 1.30947
22.84 1 1.37526 1.31349
22.85 1 1.37855 1.31748
22.86 1 1.38179 1.32143
22.87 1 1.385 1.32536
22.88 1 1.38817 1.32926
22.89 1 1.39131 1.33312
22.9 1 1.3944 1.33696
22.91 1 1.39745 1.34076
22.92 1 1.40047 1.34453
22.93 1 1.40344 1.34826
22.94 1 1.40637 1.35197
22.95 1 1.40927 1.35564
22.96 1 1.41212 1.35927
22.97 1 1.41493 1.36287
22.98 1 1.4177 1.36644
22.99 1 1.42042 1.36998
23 1 1.42311 1.37347
23.01 1 1.42575 1.37694
23.02 1 1.42835 1.38036
23.03 1 1.43091 1.38375
23.04 1 1.43343 1.38711
23.05 1 1.4359 1.39042
23.06 1 1.43832 1.3937
23.07 1 1.44071 1.39695
23.08 1 1.44305 1.40015
23.09 1 1.44534 1.40332
23.1 1 1.44759 1.40645
23.11 1 1.4498 1.40954
23.12 1 1.45196 1.41259
23.13 1 1.45408 1.4156
23.14 1 1.45615 1.41857
23.15 1 1.45817 1.42151
23.16 1 1.46015 1.4244
23.17 1 1.46208 1.42725
23.18 1 1.46397 1.43006
23.19 1 1.46581 1.43283
23.2 1 1.4676 1.43556
23.21 1 1.46935 1.43825
23.22 1 1.47105 1.44089
23.23 1 1.47271 1.4435
23.24 1 1.47431 1.44606
23.25 1 1.47587 1.44858
23.26 1 1.47738 1.45105
23.27 1 1.47884 1.45349
23.28 1 1.48026 1.45588
23.29 1 1.48163 1.45822
23.3 1 1.48294 1.46052
23.31 1 1.48421 1.46278
23.32 1 1.48544 1.465
23.33 1 1.48661 1.46717
23.34 1 1.48774 1.46929
23.35 1 1.48881 1.47138
23.36 1 1.48984 1.47341
23.37 1 1.49082 1.4754
23.38 1 1.49175 1.47735
23.39 1 1.49263 1.47925
23.4 1 1.49346 1.4811
23.41 1 1.49424 1.48291
23.42 1 1.49497 1.48467
23.43 1 1.49565 1.48639
23.44 1 1.49629 1.48806
23.45 1 1.49687 1.48968
23.46 1 1.4974 1.49126
23.47 1 1.49789 1.49279
23.48 1 1.49832 1.49427
23.49 1 1.49871 1.4957
23.5 1 1.49904 1.49709
23.51 1 1.49933 1.49843
23.52 1 1.49956 1.49972
23.53 1 1.49974 1.50097
23.54 1 1.49988 1.50217
23.55 1 1.49996 1.50331
23.56 1 1.5 1.50442
23.57 1 1.49998 1.50547
23.58 1 1.49992 1.50647
23.59 1 1.4998 1.50743
23.6 1 1.49964 1.50834
23.61 1 1.49942 1.5092
23.62 1 1.49916 1.51001
23.63 1 1.49884 1.51077
23.64 1 1.49848 1.51148
23.65 1 1.49806 1.51215
23.66 1 1.4976 1.51276
23.67 1 1.49708 1.51333
23.68 1 1.49652 1.51384
23.69 1 1.49591 1.51431
23.7 1 1.49524 1.51473
23.71 1 1.49453 1.5151
23.72 1 1.49377 1.51542
23.73 1 1.49296 1.51569
23.74 1 1.4921 1.51591
23.75 1 1.49118 1.51609
23.76 1 1.49023 1.51621
23.77 1 1.48922 1.51628
23.78 1 1.48816 1.51631
23.79 1 1.48705 1.51628
23.8 1 1.4859 1.51621
23.81 1 1.4847 1.51609
23.82 1 1.48344 1.51592
23.83 1 1.48214 1.51569
23.84 1 1.4808 1.51542
23.85 1 1.4794 1.5151
23.86 1 1.47795 1.51473
23.87 1 1.47646 1.51431
23.88 1 1.47492 1.51385
23.89 1 1.47334 1.51333
23.9 1 1.4717 1.51276
23.91 1 1.47002 1.51215
23.92 1 1.46829 1.51148
23.93 1 1.46651 1.51077
23.94 1 1.46469 1.51001
23.95 1 1.46282 1.5092
23.96 1 1.46091 1.50834
23.97 1 1.45895 1.50743
23.98 1 1.45694 1.50648
23.99 1 1.45489 1.50547
24 1 1.45279 1.50442
24.01 1 1.45065 1.50332
24.02 1 1.44846 1.50217
24.03 1 1.44622 1.50097
24.04 1 1.44395 1.49973
24.05 1 1.44162 1.49844
24.06 1 1.43926 1.4971
24.07 1 1.43685 1.49571
24.08 1 1.43439 1.49427
24.09 1 1.43189 1.49279
24.1 1 1.42935 1.49126
24.11 1 1.42677 1.48969
24.12 1 1.42414 1.48806
24.13 1 1.42147 1.4864
24.14 1 1.41876 1.48468
24.15 1 1.41601 1.48292
24.16 1 1.41322 1.48111
24.17 1 1.41038 1.47926
24.18 1 1.4075 1.47736
24.19 1 1.40459 1.47541
24.2 1 1.40163 1.47342
24.21 1 1.39863 1.47138
24.22 1 1.39559 1.4693
24.23 1 1.39251 1.46718
24.24 1 1.3894 1.46501
24.25 1 1.38624 1.46279
24.26 1 1.38305 1.46053
24.27 1 1.37981 1.45823
24.28 1 1.37654 1.45589
24.29 1 1.37323 1.4535
24.3 1 1.36989 1.45106
24.31 1 1.36651 1.44859
24.32 1 1.36309 1.44607
24.33 1 1.35963 1.44351
24.34 1 1.35614 1.4409
24.35 1 1.35261 1.43826
24.36 1 1.34905 1.43557
24.37 1 1.34545 1.43284
24.38 1 1.34182 1.43007
24.39 1 1.33815 1.42726
24.4 1 1.33445 1.42441
24.41 1 1.33072 1.42152
24.42 1 1.32696 1.41859
24.43 1 1.32316 1.41561
24.44 1 1.31932 1.4126
24.45 1 1.31546 1.40955
24.46 1 1.31157 1.40646
24.47 1 1.30764 1.40333
24.48 1 1.30368 1.40017
24.49 1 1.2997 1.39696
24.5 1 1.29568 1.39372
24.51 1 1.29163 1.39044
24.52 1 1.28756 1.38712
24.53 1 1.28345 1.38377
24.54 1 1.27932 1.38038
24.55 1 1.27516 1.37695
24.56 1 1.27097 1.37349
24.57 1 1.26675 1.36999
24.58 1 1.26251 1.36646
24.59 1 1.25824 1.36289
24.6 1 1.25395 1.35929
24.61 1 1.24963 1.35565
24.62 1 1.24528 1.35198
24.63 1 1.24091 1.34828
24.64 1 1.23652 1.34454
24.65 1 1.2321 1.34077
24.66 1 1.22766 1.33697
24.67 1 1.2232 1.33314
24.68 1 1.21872 1.32927
24.69 1 1.21421 1.32538
24.7 1 1.20968 1.32145
24.71 1 1.20513 1.31749
24.72 1 1.20056 1.31351
24.73 1 1.19597 1.30949
24.74 1 1.19136 1.30544
24.75 1 1.18673 1.30137
24.76 1 1.18208 1.29727
24.77 1 1.17742 1.29313
24.78 1 1.17274 1.28898
24.79 1 1.16804 1.28479
24.8 1 1.16332 1.28058
24.81 1 1.15858 1.27634
24.82 1 1.15383 1.27207
24.83 1 1.14907 1.26778
24.84 1 1.14429 1.26346
24.85 1 1.13949 1.25912
24.86 1 1.13469 1.25476
24.87 1 1.12986 1.25037
24.88 1 1.12503 1.24596
24.89 1 1.12018 1.24152
24.9 1 1.11532 1.23706
24.91 1 1.11045 1.23258
24.92 1 1.10557 1.22808
24.93 1 1.10068 1.22356
24.94 1 1.09578 1.21901
24.95 1 1.09086 1.21445
24.96 1 1.08594 1.20986
24.97 1 1.08101 1.20526
24.98 1 1.07607 1.20064
24.99 1 1.07113 1.19599
25 1 1.06618 1.19133
25.01 1 1.06122 1.18666
25.02 1 1.05625 1.18196
25.03 1 1.05128 1.17725
25.04 1 1.0463 1.17252
25.05 1 1.04132 1.16778
25.06 1 1.03634 1.16302
25.07 1 1.03135 1.15824
25.08 1 1.02636 1.15345
25.09 1 1.02136 1.14865
25.1 1 1.01637 1.14383
25.11 1 1.01137 1.13901
25.12 1 1.00637 1.13416
25.13 1 1.00137 1.12931
25.14 1 0.996371 1.12444
25.15 1 0.991371 1.11957
25.16 1 0.986372 1.11468
25.17 1 0.981375 1.10978
25.18 1 0.976379 1.10487
25.19 1 0.971386 1.09996
25.2 1 0.966396 1.09503
25.21 1 0.961409 1.0901
25.22 1 0.956426 1.08515
25.23 1 0.951447 1.0802
25.24 1 0.946473 1.07525
25.25 1 0.941505 1.07029
25.26 1 0.936542 1.06532
25.27 1 0.931586 1.06034
25.28 1 0.926636 1.05536
25.29 1 0.921694 1.05038
25.3 1 0.91676 1.04539
25.31 1 0.911834 1.0404
25.32 1 0.906917 1.03541
25.33 1 0.902009 1.03041
25.34 1 0.897111 1.02542
25.35 1 0.892223 1.02042
25.36 1 0.887346 1.01542
25.37 1 0.88248 1.01042
25.38 1 0.877626 1.00541
25.39 1 0.872785 1.00041
25.4 1 0.867956 0.995414
25.41 1 0.86314 0.990416
25.42 1 0.858338 0.98542
25.43 1 0.85355 0.980427
25.44 1 0.848777 0.975436
25.45 1 0.844018 0.970448
25.46 1 0.839276 0.965465
25.47 1 0.834549 0.960486
25.48 1 0.829839 0.955512
25.49 1 0.825146 0.950543
25.5 1 0.820471 0.94558
25.51 1 0.815813 0.940623
25.52 1 0.811174 0.935673
25.53 1 0.806554 0.930731
25.54 1 0.801953 0.925796
25.55 1 0.797372 0.920869
25.56 1 0.792811 0.915952
25.57 1 0.788271 0.911043
25.58 1 0.783752 0.906145
25.59 1 0.779255 0.901256
25.6 1 0.77478 0.896378
25.61 1 0.770327 0.891511
25.62 1 0.765897 0.886656
25.63 1 0.761491 0.881814
25.64 1 0.757108 0.876983
25.65 1 0.75275 0.872166
25.66 1 0.748417 0.867362
25.67 1 0.744109 0.862573
25.68 1 0.739826 0.857797
25.69 1 0.735569 0.853037
25.7 1 0.731339 0.848292
25.71 1 0.727136 0.843563
25.72 1 0.722959 0.838851
25.73 1 0.718811 0.834155
25.74 1 0.714691 0.829477
25.75 1 0.710599 0.824816
25.76 1 0.706536 0.820173
25.77 1 0.702503 0.815549
25.78 1 0.698499 0.810945
25.79 1 0.694525 0.806359
25.8 1 0.690582 0.801794
25.81 1 0.68667 0.797249
25.82 1 0.68279 0.792726
25.83 1 0.678941 0.788223
25.84 1 0.675124 0.783742
25.85 1 0.671339 0.779284
25.86 1 0.667588 0.774848
25.87 1 0.663869 0.770436
25.88 1 0.660185 0.766047
25.89 1 0.656534 0.761681
25.9 1 0.652918 0.757341
25.91 1 0.649336 0.753025
25.92 1 0.645789 0.748734
25.93 1 0.642278 0.744469
25.94 1 0.638803 0.740231
25.95 1 0.635364 0.736018
25.96 1 0.631961 0.731833
25.97 1 0.628595 0.727675
25.98 1 0.625266 0.723545
25.99 1 0.621974 0.719443
26 1 0.618721 0.715369
26.01 1 0.615505 0.711325
26.02 1 0.612328 0.70731
26.03 1 0.60919 0.703324
26.04 1 0.606091 0.699369
26.05 1 0.603031 0.695444
26.06 1 0.600011 0.691551
26.07 1 0.597031 0.687688
26.08 1 0.594091 0.683858
26.09 1 0.591192 0.680059
26.1 1 0.588333 0.676293
26.11 1 0.585516 0.67256
26.12 1 0.582741 0.66886
26.13 1 0.580007 0.665193
26.14 1 0.577315 0.66156
26.15 1 0.574665 0.657962
26.16 1 0.572058 0.654398
26.17 1 0.569493 0.65087
26.18 1 0.566972 0.647376
26.19 1 0.564494 0.643918
26.2 1 0.562059 0.640497
26.21 1 0.559669 0.637111
26.22 1 0.557322 0.633763
26.23 1 0.55502 0.630451
26.24 1 0.552762 0.627177
26.25 1 0.550549 0.62394
26.26 1 0.54838 0.620742
26.27 1 0.546257 0.617581
26.28 1 0.54418 0.61446
26.29 1 0.542148 0.611377
26.3 1 0.540161 0.608334
26.31 1 0.538221 0.60533
26.32 1 0.536327 0.602366
26.33 1 0.534479 0.599442
26.34 1 0.532678 0.596558
26.35 1 0.530923 0.593715
26.36 1 0.529215 0.590913
26.37 1 0.527555 0.588153
26.38 1 0.525942 0.585433
26.39 1 0.524376 0.582756
26.4 1 0.522857 0.580121
26.41 1 0.521387 0.577528
26.42 1 0.519964 0.574978
26.43 1 0.518589 0.57247
26.44 1 0.517263 0.570006
26.45 1 0.515984 0.567585
26.46 1 0.514754 0.565207
26.47 1 0.513573 0.562873
26.48 1 0.51244 0.560584
26.49 1 0.511356 0.558338
26.5 1 0.510321 0.556137
26.51 1 0.509335 0.553981
26.52 1 0.508398 0.55187
26.53 1 0.50751 0.549803
26.54 1 0.506671 0.547782
26.55 1 0.505882 0.545807
26.56 1 0.505142 0.543877
26.57 1 0.504451 0.541993
26.58 1 0.503811 0.540156
26.59 1 0.503219 0.538364
26.6 1 0.502678 0.536619
26.61 1 0.502186 0.534921
26.62 1 0.501744 0.533269
26.63 1 0.501351 0.531665
26.64 1 0.501009 0.530107
26.65 1 0.500716 0.528597
26.66 1 0.500474 0.527134
26.67 1 0.500281 0.525719
26.68 1 0.500138 0.524352
26.69 1 0.500046 0.523032
26.7 1 0.500003 0.52176
26.71 1 0.50001 0.520537
26.72 1 0.500068 0.519361
26.73 1 0.500175 0.518234
26.74 1 0.500332 0.517156
26.75 1 0.50054 0.516126
26.76 1 0.500797 0.515144
26.77 1 0.501104 0.514211
26.78 1 0.501461 0.513328
26.79 1 0.501868 0.512493
26.8 1 0.502324 0.511707
26.81 1 0.502831 0.51097
26.82 1 0.503387 0.510282
26.83 1 0.503993 0.509644
26.84 1 0.504648 0.509055
26.85 1 0.505353 0.508515
26.86 1 0.506108 0.508025
26.87 1 0.506911 0.507584
26.88 1 0.507765 0.507193
26.89 1 0.508667 0.506851
26.9 1 0.509618 0.506559
26.91 1 0.510619 0.506316
26.92 1 0.511668 0.506123
26.93 1 0.512767 0.505979
26.94 1 0.513914 0.505886
26.95 1 0.515109 0.505842
26.96 1 0.516353 0.505847
26.97 1 0.517646 0.505902
26.98 1 0.518986 0.506007
26.99 1 0.520375 0.506162
27 1 0.521812 0.506366
27.01 1 0.523297 0.50662
27.02 1 0.524829 0.506923
27.03 1 0.526409 0.507276
27.04 1 0.528036 0.507679
27.05 1 0.52971 0.508131
27.06 1 0.531431 0.508632
27.07 1 0.5332 0.509183
27.08 1 0.535015 0.509784
27.09 1 0.536876 0.510433
27.1 1 0.538784 0.511132
27.11 1 0.540737 0.51188
27.12 1 0.542737 0.512676
27.13 1 0.544783 0.513522
27.14 1 0.546874 0.514417
27.15 1 0.54901 0.515361
27.16 1 0.551191 0.516353
27.17 1 0.553418 0.517394
27.18 1 0.555689 0.518484
27.19 1 0.558004 0.519622
27.2 1 0.560363 0.520808
27.21 1 0.562767 0.522042
27.22 1 0.565214 0.523325
27.23 1 0.567705 0.524655
27.24 1 0.570239 0.526034
27.25 1 0.572816 0.52746
27.26 1 0.575436 0.528933
27.27 1 0.578098 0.530454
27.28 1 0.580802 0.532022
27.29 1 0.583548 0.533637
27.3 1 0.586336 0.535299
27.31 1 0.589165 0.537008
27.32 1 0.592036 0.538764
27.33 1 0.594947 0.540566
27.34 1 0.597898 0.542414
27.35 1 0.60089 0.544308
27.36 1 0.603922 0.546248
27.37 1 0.606993 0.548233
27.38 1 0.610104 0.550265
27.39 1 0.613254 0.552341
27.4 1 0.616442 0.554463
27.41 1 0.619668 0.556629
27.42 1 0.622933 0.55884
27.43 1 0.626236 0.561095
27.44 1 0.629575 0.563395
27.45 1 0.632952 0.565739
27.46 1 0.636366 0.568126
27.47 1 0.639816 0.570557
27.48 1 0.643302 0.573031
27.49 1 0.646823 0.575548
27.5 1 0.65038 0.578108
27.51 1 0.653972 0.580711
27.52 1 0.657598 0.583355
27.53 1 0.661259 0.586042
27.54 1 0.664954 0.588771
27.55 1 0.668682 0.591541
27.56 1 0.672443 0.594352
27.57 1 0.676237 0.597204
27.58 1 0.680063 0.600096
27.59 1 0.683921 0.603029
27.6 1 0.687811 0.606003
27.61 1 0.691733 0.609015
27.62 1 0.695685 0.612068
27.63 1 0.699667 0.615159
27.64 1 0.703679 0.61829
27.65 1 0.707722 0.621459
27.66 1 0.711793 0.624666
27.67 1 0.715893 0.627911
27.68 1 0.720022 0.631194
27.69 1 0.724178 0.634514
27.7 1 0.728362 0.63787
27.71 1 0.732573 0.641264
27.72 1 0.736811 0.644694
27.73 1 0.741076 0.64816
27.74 1 0.745366 0.651661
27.75 1 0.749682 0.655198
27.76 1 0.754022 0.658769
27.77 1 0.758388 0.662375
27.78 1 0.762777 0.666016
27.79 1 0.767191 0.66969
27.8 1 0.771627 0.673397
27.81 1 0.776086 0.677138
27.82 1 0.780568 0.680912
27.83 1 0.785072 0.684717
27.84 1 0.789597 0.688555
27.85 1 0.794143 0.692425
27.86 1 0.79871 0.696325
27.87 1 0.803297 0.700257
27.88 1 0.807903 0.704219
27.89 1 0.812529 0.708211
27.9 1 0.817174 0.712233
27.91 1 0.821837 0.716284
27.92 1 0.826517 0.720364
27.93 1 0.831215 0.724472
27.94 1 0.83593 0.728609
27.95 1 0.840661 0.732773
27.96 1 0.845408 0.736964
27.97 1 0.850171 0.741183
27.98 1 0.854949 0.745427
27.99 1 0.859741 0.749698
28 1 0.864547 0.753994
28.01 1 0.869367 0.758316
28.02 1 0.8742 0.762662
28.03 1 0.879045 0.767033
28.04 1 0.883902 0.771427
28.05 1 0.888772 0.775845
28.06 1 0.893652 0.780286
28.07 1 0.898543 0.784749
28.08 1 0.903444 0.789235
28.09 1 0.908354 0.793742
28.1 1 0.913274 0.798271
28.11 1 0.918202 0.80282
28.12 1 0.923139 0.80739
28.13 1 0.928083 0.81198
28.14 1 0.933035 0.816589
28.15 1 0.937993 0.821217
28.16 1 0.942958 0.825864
28.17 1 0.947928 0.830528
28.18 1 0.952903 0.835211
28.19 1 0.957883 0.83991
28.2 1 0.962867 0.844627
28.21 1 0.967855 0.849359
28.22 1 0.972846 0.854108
28.23 1 0.97784 0.858871
28.24 1 0.982836 0.86365
28.25 1 0.987834 0.868443
28.26 1 0.992833 0.873249
28.27 1 0.997833 0.87807
28.28 1 1.00283 0.882903
28.29 1 1.00783 0.887749
28.3 1 1.01283 0.892606
28.31 1 1.01783 0.897476
28.32 1 1.02283 0.902356
28.33 1 1.02782 0.907247
28.34 1 1.03281 0.912148
28.35 1 1.0378 0.917058
28.36 1 1.04278 0.921978
28.37 1 1.04776 0.926906
28.38 1 1.05273 0.931843
28.39 1 1.0577 0.936787
28.4 1 1.06267 0.941739
28.41 1 1.06763 0.946697
28.42 1 1.07258 0.951661
28.43 1 1.07752 0.956631
28.44 1 1.08245 0.961607
28.45 1 1.08738 0.966587
28.46 1 1.0923 0.971571
28.47 1 1.09721 0.976559
28.48 1 1.10211 0.981551
28.49 1 1.107 0.986545
28.5 1 1.11188 0.991542
28.51 1 1.11675 0.99654
28.52 1 1.1216 1.00154
28.53 1 1.12644 1.00654
28.54 1 1.13128 1.01154
28.55 1 1.13609 1.01654
28.56 1 1.1409 1.02154
28.57 1 1.14569 1.02654
28.58 1 1.15046 1.03154
28.59 1 1.15522 1.03653
28.6 1 1.15997 1.04153
28.61 1 1.1647 1.04652
28.62 1 1.16941 1.0515
28.63 1 1.17411 1.05649
28.64 1 1.17879 1.06146
28.65 1 1.18345 1.06644
28.66 1 1.18809 1.0714
28.67 1 1.19271 1.07636
28.68 1 1.19732 1.08132
28.69 1 1.2019 1.08627
28.7 1 1.20646 1.09121
28.71 1 1.21101 1.09614
28.72 1 1.21553 1.10106
28.73 1 1.22003 1.10598
28.74 1 1.22451 1.11088
28.75 1 1.22897 1.11578
28.76 1 1.2334 1.12066
28.77 1 1.23781 1.12554
28.78 1 1.2422 1.1304
28.79 1 1.24656 1.13525
28.8 1 1.25089 1.14009
28.81 1 1.25521 1.14492
28.82 1 1.25949 1.14973
28.83 1 1.26375 1.15453
28.84 1 1.26799 1.15932
28.85 1 1.2722 1.16409
28.86 1 1.27638 1.16885
28.87 1 1.28053 1.17359
28.88 1 1.28465 1.17831
28.89 1 1.28875 1.18302
28.9 1 1.29282 1.18771
28.91 1 1.29686 1.19238
28.92 1 1.30087 1.19704
28.93 1 1.30484 1.20168
28.94 1 1.30879 1.2063
28.95 1 1.31271 1.2109
28.96 1 1.31659 1.21548
28.97 1 1.32045 1.22004
28.98 1 1.32427 1.22458
28.99 1 1.32806 1.2291
29 1 1.33182 1.23359
29.01 1 1.33554 1.23807
29.02 1 1.33923 1.24252
29.03 1 1.34289 1.24695
29.04 1 1.34651 1.25136
29.05 1 1.3501 1.25574
29.06 1 1.35365 1.2601
29.07 1 1.35716 1.26444
29.08 1 1.36065 1.26875
29.09 1 1.36409 1.27303
29.1 1 1.3675 1.27729
29.11 1 1.37087 1.28153
29.12 1 1.37421 1.28573
29.13 1 1.3775 1.28991
29.14 1 1.38076 1.29407
29.15 1 1.38399 1.29819
29.16 1 1.38717 1.30229
29.17 1 1.39031 1.30636
29.18 1 1.39342 1.3104
29.19 1 1.39648 1.31441
29.2 1 1.39951 1.31839
29.21 1 1.4025 1.32234
29.22 1 1.40544 1.32626
29.23 1 1.40835 1.33015
29.24 1 1.41121 1.334
29.25 1 1.41404 1.33783
29.26 1 1.41682 1.34162
29.27 1 1.41956 1.34539
29.28 1 1.42226 1.34911
29.29 1 1.42492 1.35281
29.3 1 1.42753 1.35647
29.31 1 1.4301 1.3601
29.32 1 1.43263 1.3637
29.33 1 1.43511 1.36726
29.34 1 1.43756 1.37078
29.35 1 1.43995 1.37427
29.36 1 1.44231 1.37772
29.37 1 1.44462 1.38114
29.38 1 1.44688 1.38453
29.39 1 1.4491 1.38787
29.4 1 1.45128 1.39118
29.41 1 1.45341 1.39445
29.42 1 1.45549 1.39769
29.43 1 1.45753 1.40088
29.44 1 1.45953 1.40404
29.45 1 1.46147 1.40716
29.46 1 1.46337 1.41024
29.47 1 1.46523 1.41328
29.48 1 1.46704 1.41629
29.49 1 1.4688 1.41925
29.5 1 1.47052 1.42217
29.51 1 1.47218 1.42506
29.52 1 1.4738 1.4279
29.53 1 1.47538 1.4307
29.54 1 1.4769 1.43346
29.55 1 1.47838 1.43618
29.56 1 1.47981 1.43886
29.57 1 1.48119 1.44149
29.58 1 1.48253 1.44409
29.59 1 1.48382 1.44664
29.6 1 1.48505 1.44915
29.61 1 1.48624 1.45161
29.62 1 1.48738 1.45404
29.63 1 1.48847 1.45642
29.64 1 1.48952 1.45875
29.65 1 1.49051 1.46105
29.66 1 1.49146 1.4633
29.67 1 1.49235 1.4655
29.68 1 1.4932 1.46766
29.69 1 1.494 1.46978
29.7 1 1.49474 1.47185
29.71 1 1.49544 1.47387
29.72 1 1.49609 1.47585
29.73 1 1.49669 1.47779
29.74 1 1.49724 1.47968
29.75 1 1.49774 1.48152
29.76 1 1.49819 1.48332
29.77 1 1.49859 1.48507
29.78 1 1.49894 1.48677
29.79 1 1.49924 1.48843
29.8 1 1.49949 1.49005
29.81 1 1.49969 1.49161
29.82 1 1.49984 1.49313
29.83 1 1.49994 1.4946
29.84 1 1.49999 1.49603
29.85 1 1.49999 1.4974
29.86 1 1.49994 1.49873
29.87 1 1.49985 1.50001
29.88 1 1.4997 1.50125
29.89 1 1.4995 1.50243
29.9 1 1.49925 1.50357
29.91 1 1.49895 1.50466
29.92 1 1.4986 1.5057
29.93 1 1.4982 1.5067
29.94 1 1.49775 1.50764
29.95 1 1.49725 1.50854
29.96 1 1.4967 1.50939
29.97 1 1.49611 1.51019
29.98 1 1.49546 1.51094
29.99 1 1.49476 1.51164
30 1 1.49402 1.51229
30.01 1 1.49322 1.51289
30.02 1 1.49237 1.51345
30.03 1 1.49148 1.51396
30.04 1 1.49054 1.51441
30.05 1 1.48954 1.51482
30.06 1 1.4885 1.51518
30.07 1 1.48741 1.51549
30.08 1 1.48627 1.51575
30.09 1 1.48508 1.51596
30.1 1 1.48385 1.51612
30.11 1 1.48256 1.51623
30.12 1 1.48123 1.51629
30.13 1 1.47985 1.51631
30.14 1 1.47842 1.51627
30.15 1 1.47694 1.51619
30.16 1 1.47542 1.51605
30.17 1 1.47385 1.51587
30.18 1 1.47223 1.51564
30.19 1 1.47056 1.51535
30.2 1 1.46885 1.51502
30.21 1 1.46709 1.51464
30.22 1 1.46528 1.51421
30.23 1 1.46342 1.51373
30.24 1 1.46152 1.5132
30.25 1 1.45958 1.51263
30.26 1 1.45758 1.512
30.27 1 1.45555 1.51132
30.28 1 1.45346 1.5106
30.29 1 1.45133 1.50983
30.3 1 1.44916 1.50901
30.31 1 1.44694 1.50814
30.32 1 1.44468 1.50722
30.33 1 1.44237 1.50625
30.34 1 1.44002 1.50524
30.35 1 1.43762 1.50417
30.36 1 1.43518 1.50306
30.37 1 1.43269 1.5019
30.38 1 1.43017 1.50069
30.39 1 1.4276 1.49944
30.4 1 1.42498 1.49813
30.41 1 1.42233 1.49678
30.42 1 1.41963 1.49538
30.43 1 1.41689 1.49394
30.44 1 1.41411 1.49245
30.45 1 1.41129 1.49091
30.46 1 1.40842 1.48932
30.47 1 1.40552 1.48769
30.48 1 1.40257 1.48601
30.49 1 1.39959 1.48428
30.5 1 1.39656 1.48251
30.51 1 1.3935 1.48069
30.52 1 1.39039 1.47882
30.53 1 1.38725 1.47691
30.54 1 1.38407 1.47496
30.55 1 1.38085 1.47296
30.56 1 1.37759 1.47091
30.57 1 1.37429 1.46882
30.58 1 1.37096 1.46668
30.59 1 1.36759 1.4645
30.6 1 1.36418 1.46228
30.61 1 1.36074 1.46001
30.62 1 1.35726 1.4577
30.63 1 1.35374 1.45534
30.64 1 1.35019 1.45294
30.65 1 1.3466 1.4505
30.66 1 1.34298 1.44801
30.67 1 1.33933 1.44548
30.68 1 1.33564 1.44291
30.69 1 1.33191 1.4403
30.7 1 1.32816 1.43765
30.71 1 1.32437 1.43495
30.72 1 1.32055 1.43221
30.73 1 1.3167 1.42943
30.74 1 1.31281 1.42661
30.75 1 1.30889 1.42375
30.76 1 1.30495 1.42085
30.77 1 1.30097 1.41791
30.78 1 1.29696 1.41493
30.79 1 1.29292 1.41191
30.8 1 1.28886 1.40885
30.81 1 1.28476 1.40575
30.82 1 1.28064 1.40261
30.83 1 1.27649 1.39943
30.84 1 1.27231 1.39622
30.85 1 1.2681 1.39297
30.86 1 1.26387 1.38968
30.87 1 1.25961 1.38636
30.88 1 1.25532 1.38299
30.89 1 1.25101 1.37959
30.9 1 1.24667 1.37616
30.91 1 1.24231 1.37269
30.92 1 1.23792 1.36918
30.93 1 1.23351 1.36564
30.94 1 1.22908 1.36207
30.95 1 1.22463 1.35846
30.96 1 1.22015 1.35481
30.97 1 1.21565 1.35113
30.98 1 1.21113 1.34742
30.99 1 1.20658 1.34368
31 1 1.20202 1.3399
31.01 1 1.19744 1.33609
31.02 1 1.19283 1.33225
31.03 1 1.18821 1.32838
31.04 1 1.18357 1.32448
31.05 1 1.17891 1.32055
31.06 1 1.17423 1.31658
31.07 1 1.16953 1.31259
31.08 1 1.16482 1.30856
31.09 1 1.16009 1.30451
31.1 1 1.15535 1.30043
31.11 1 1.15059 1.29632
31.12 1 1.14581 1.29218
31.13 1 1.14102 1.28802
31.14 1 1.13622 1.28383
31.15 1 1.1314 1.27961
31.16 1 1.12657 1.27536
31.17 1 1.12173 1.27109
31.18 1 1.11687 1.26679
31.19 1 1.112 1.26247
31.2 1 1.10713 1.25813
31.21 1 1.10224 1.25375
31.22 1 1.09734 1.24936
31.23 1 1.09243 1.24494
31.24 1 1.08751 1.2405
31.25 1 1.08258 1.23604
31.26 1 1.07765 1.23155
31.27 1 1.0727 1.22705
31.28 1 1.06775 1.22252
31.29 1 1.0628 1.21797
31.3 1 1.05783 1.2134
31.31 1 1.05286 1.20881
31.32 1 1.04789 1.2042
31.33 1 1.04291 1.19957
31.34 1 1.03793 1.19493
31.35 1 1.03294 1.19026
31.36 1 1.02795 1.18558
31.37 1 1.02296 1.18088
31.38 1 1.01796 1.17617
31.39 1 1.01296 1.17143
31.4 1 1.00796 1.16669
31.41 1 1.00296 1.16192
31.42 1 0.997963 1.15715
31.43 1 0.992964 1.15235
31.44 1 0.987964 1.14755
31.45 1 0.982967 1.14273
31.46 1 0.97797 1.1379
31.47 1 0.972976 1.13305
31.48 1 0.967985 1.12819
31.49 1 0.962997 1.12333
31.5 1 0.958013 1.11845
31.51 1 0.953033 1.11356
31.52 1 0.948057 1.10866
31.53 1 0.943087 1.10375
31.54 1 0.938122 1.09883
31.55 1 0.933164 1.0939
31.56 1 0.928212 1.08896
31.57 1 0.923268 1.08402
31.58 1 0.918331 1.07907
31.59 1 0.913402 1.07411
31.6 1 0.908482 1.06915
31.61 1 0.903571 1.06418
31.62 1 0.89867 1.0592
31.63 1 0.893779 1.05422
31.64 1 0.888898 1.04924
31.65 1 0.884029 1.04425
31.66 1 0.879171 1.03926
31.67 1 0.874326 1.03426
31.68 1 0.869493 1.02927
31.69 1 0.864672 1.02427
31.7 1 0.859866 1.01927
31.71 1 0.855073 1.01427
31.72 1 0.850295 1.00927
31.73 1 0.845532 1.00427
31.74 1 0.840785 0.999267
31.75 1 0.836053 0.994268
31.76 1 0.831338 0.989271
31.77 1 0.826639 0.984275
31.78 1 0.821958 0.979282
31.79 1 0.817295 0.974292
31.8 1 0.81265 0.969305
31.81 1 0.808024 0.964323
31.82 1 0.803416 0.959345
31.83 1 0.798829 0.954372
31.84 1 0.794262 0.949404
31.85 1 0.789715 0.944443
31.86 1 0.785189 0.939487
31.87 1 0.780685 0.934539
31.88 1 0.776203 0.929598
31.89 1 0.771743 0.924666
31.9 1 0.767306 0.919741
31.91 1 0.762892 0.914825
31.92 1 0.758502 0.909919
31.93 1 0.754136 0.905023
31.94 1 0.749794 0.900137
31.95 1 0.745478 0.895261
31.96 1 0.741187 0.890397
31.97 1 0.736922 0.885545
31.98 1 0.732683 0.880705
31.99 1 0.728471 0.875877
32 1 0.724287 0.871063
32.01 1 0.720129 0.866263
32.02 1 0.716 0.861476
32.03 1 0.711899 0.856704
32.04 1 0.707827 0.851948
32.05 1 0.703784 0.847207
32.06 1 0.699771 0.842481
32.07 1 0.695788 0.837773
32.08 1 0.691835 0.833081
32.09 1 0.687913 0.828406
32.1 1 0.684022 0.82375
32.11 1 0.680163 0.819111
32.12 1 0.676336 0.814492
32.13 1 0.672541 0.809891
32.14 1 0.668779 0.805311
32.15 1 0.66505 0.80075
32.16 1 0.661355 0.79621
32.17 1 0.657693 0.791691
32.18 1 0.654066 0.787194
32.19 1 0.650473 0.782718
32.2 1 0.646915 0.778265
32.21 1 0.643393 0.773834
32.22 1 0.639906 0.769427
32.23 1 0.636455 0.765043
32.24 1 0.633041 0.760684
32.25 1 0.629663 0.756349
32.26 1 0.626322 0.752039
32.27 1 0.623019 0.747754
32.28 1 0.619753 0.743495
32.29 1 0.616525 0.739262
32.3 1 0.613336 0.735056
32.31 1 0.610185 0.730877
32.32 1 0.607074 0.726726
32.33 1 0.604001 0.722602
32.34 1 0.600969 0.718506
32.35 1 0.597976 0.714439
32.36 1 0.595023 0.710402
32.37 1 0.592111 0.706393
32.38 1 0.58924 0.702415
32.39 1 0.586409 0.698466
32.4 1 0.58362 0.694549
32.41 1 0.580873 0.690662
32.42 1 0.578168 0.686807
32.43 1 0.575504 0.682984
32.44 1 0.572884 0.679193
32.45 1 0.570306 0.675434
32.46 1 0.56777 0.671708
32.47 1 0.565279 0.668016
32.48 1 0.56283 0.664357
32.49 1 0.560426 0.660732
32.5 1 0.558065 0.657142
32.51 1 0.555748 0.653586
32.52 1 0.553476 0.650065
32.53 1 0.551249 0.64658
32.54 1 0.549066 0.643131
32.55 1 0.546929 0.639717
32.56 1 0.544836 0.63634
32.57 1 0.54279 0.633
32.58 1 0.540789 0.629697
32.59 1 0.538834 0.626431
32.6 1 0.536925 0.623204
32.61 1 0.535062 0.620014
32.62 1 0.533246 0.616862
32.63 1 0.531477 0.61375
32.64 1 0.529754 0.610676
32.65 1 0.528079 0.607641
32.66 1 0.52645 0.604646
32.67 1 0.524869 0.601692
32.68 1 0.523336 0.598777
32.69 1 0.52185 0.595903
32.7 1 0.520412 0.593069
32.71 1 0.519022 0.590277
32.72 1 0.51768 0.587525
32.73 1 0.516386 0.584816
32.74 1 0.515141 0.582148
32.75 1 0.513944 0.579523
32.76 1 0.512796 0.576939
32.77 1 0.511696 0.574399
32.78 1 0.510646 0.571901
32.79 1 0.509644 0.569447
32.8 1 0.508691 0.567036
32.81 1 0.507787 0.564668
32.82 1 0.506933 0.562344
32.83 1 0.506128 0.560065
32.84 1 0.505372 0.55783
32.85 1 0.504666 0.555639
32.86 1 0.504009 0.553493
32.87 1 0.503402 0.551392
32.88 1 0.502845 0.549336
32.89 1 0.502337 0.547325
32.9 1 0.501879 0.54536
32.91 1 0.501471 0.543441
32.92 1 0.501113 0.541568
32.93 1 0.500804 0.539741
32.94 1 0.500546 0.53796
32.95 1 0.500337 0.536226
32.96 1 0.500179 0.534538
32.97 1 0.50007 0.532897
32.98 1 0.500011 0.531304
32.99 1 0.500003 0.529757
33 1 0.500044 0.528258
33.01 1 0.500135 0.526806
33.02 1 0.500277 0.525401
33.03 1 0.500468 0.524045
33.04 1 0.500709 0.522736
33.05 1 0.501001 0.521475
33.06 1 0.501342 0.520263
33.07 1 0.501733 0.519099
33.08 1 0.502174 0.517983
33.09 1 0.502664 0.516915
33.1 1 0.503204 0.515896
33.11 1 0.503795 0.514926
33.12 1 0.504434 0.514005
33.13 1 0.505123 0.513132
33.14 1 0.505862 0.512308
33.15 1 0.50665 0.511534
33.16 1 0.507487 0.510808
33.17 1 0.508374 0.510132
33.18 1 0.50931 0.509505
33.19 1 0.510295 0.508927
33.2 1 0.511329 0.508398
33.21 1 0.512411 0.507919
33.22 1 0.513543 0.50749
33.23 1 0.514723 0.50711
33.24 1 0.515952 0.506779
33.25 1 0.517229 0.506499
33.26 1 0.518554 0.506267
33.27 1 0.519928 0.506086
33.28 1 0.521349 0.505954
33.29 1 0.522819 0.505871
33.3 1 0.524336 0.505839
33.31 1 0.5259 0.505855
33.32 1 0.527512 0.505922
33.33 1 0.529172 0.506038
33.34 1 0.530878 0.506204
33.35 1 0.532631 0.50642
33.36 1 0.534431 0.506685
33.37 1 0.536278 0.507
33.38 1 0.538171 0.507364
33.39 1 0.54011 0.507778
33.4 1 0.542095 0.508242
33.41 1 0.544126 0.508754
33.42 1 0.546203 0.509317
33.43 1 0.548325 0.509928
33.44 1 0.550492 0.510589
33.45 1 0.552704 0.511299
33.46 1 0.55496 0.512058
33.47 1 0.557262 0.512866
33.48 1 0.559607 0.513723
33.49 1 0.561997 0.514629
33.5 1 0.56443 0.515584
33.51 1 0.566907 0.516588
33.52 1 0.569427 0.51764
33.53 1 0.57199 0.51874
33.54 1 0.574596 0.519889
33.55 1 0.577245 0.521087
33.56 1 0.579936 0.522332
33.57 1 0.582669 0.523626
33.58 1 0.585444 0.524967
33.59 1 0.58826 0.526356
33.6 1 0.591117 0.527793
33.61 1 0.594015 0.529278
33.62 1 0.596954 0.530809
33.63 1 0.599933 0.532388
33.64 1 0.602952 0.534014
33.65 1 0.606011 0.535687
33.66 1 0.609109 0.537407
33.67 1 0.612246 0.539173
33.68 1 0.615422 0.540985
33.69 1 0.618637 0.542844
33.7 1 0.621889 0.544749
33.71 1 0.62518 0.546699
33.72 1 0.628508 0.548695
33.73 1 0.631873 0.550737
33.74 1 0.635274 0.552824
33.75 1 0.638713 0.554955
33.76 1 0.642187 0.557132
33.77 1 0.645698 0.559353
33.78 1 0.649243 0.561619
33.79 1 0.652824 0.563929
33.8 1 0.656439 0.566282
33.81 1 0.660089 0.56868
33.82 1 0.663773 0.57112
33.83 1 0.667491 0.573604
33.84 1 0.671241 0.576131
33.85 1 0.675025 0.578701
33.86 1 0.678841 0.581313
33.87 1 0.682689 0.583968
33.88 1 0.686569 0.586664
33.89 1 0.69048 0.589402
33.9 1 0.694422 0.592181
33.91 1 0.698395 0.595002
33.92 1 0.702398 0.597863
33.93 1 0.706431 0.600765
33.94 1 0.710493 0.603708
33.95 1 0.714584 0.60669
33.96 1 0.718703 0.609712
33.97 1 0.722851 0.612773
33.98 1 0.727026 0.615874
33.99 1 0.731229 0.619013
34 1 0.735459 0.622191
34.01 1 0.739715 0.625407
34.02 1 0.743997 0.62866
34.03 1 0.748304 0.631952
34.04 1 0.752637 0.63528
34.05 1 0.756995 0.638645
34.06 1 0.761377 0.642047
34.07 1 0.765782 0.645485
34.08 1 0.770211 0.648959
34.09 1 0.774663 0.652469
34.1 1 0.779138 0.656014
34.11 1 0.783635 0.659593
34.12 1 0.788153 0.663207
34.13 1 0.792693 0.666855
34.14 1 0.797253 0.670537
34.15 1 0.801834 0.674252
34.16 1 0.806434 0.678
34.17 1 0.811054 0.681781
34.18 1 0.815692 0.685595
34.19 1 0.820349 0.68944
34.2 1 0.825024 0.693316
34.21 1 0.829717 0.697224
34.22 1 0.834426 0.701163
34.23 1 0.839152 0.705132
34.24 1 0.843895 0.709131
34.25 1 0.848652 0.713159
34.26 1 0.853425 0.717217
34.27 1 0.858213 0.721303
34.28 1 0.863015 0.725418
34.29 1 0.86783 0.729561
34.3 1 0.872659 0.733732
34.31 1 0.8775 0.737929
34.32 1 0.882354 0.742154
34.33 1 0.887219 0.746404
34.34 1 0.892096 0.750681
34.35 1 0.896984 0.754983
34.36 1 0.901881 0.75931
34.37 1 0.906789 0.763662
34.38 1 0.911706 0.768038
34.39 1 0.916632 0.772438
34.4 1 0.921566 0.776861
34.41 1 0.926508 0.781307
34.42 1 0.931457 0.785776
34.43 1 0.936413 0.790267
34.44 1 0.941376 0.794779
34.45 1 0.946344 0.799312
34.46 1 0.951318 0.803866
34.47 1 0.956296 0.808441
34.48 1 0.961279 0.813035
34.49 1 0.966266 0.817648
34.5 1 0.971256 0.822281
34.51 1 0.976249 0.826932
34.52 1 0.981245 0.831601
34.53 1 0.986242 0.836287
34.54 1 0.991241 0.84099
34.55 1 0.99624 0.84571
34.56 1 1.00124 0.850447
34.57 1 1.00624 0.855199
34.58 1 1.01124 0.859966
34.59 1 1.01624 0.864748
34.6 1 1.02123 0.869544
34.61 1 1.02623 0.874354
34.62 1 1.03122 0.879177
34.63 1 1.03621 0.884013
34.64 1 1.04119 0.888861
34.65 1 1.04617 0.893722
34.66 1 1.05115 0.898594
34.67 1 1.05612 0.903476
34.68 1 1.06109 0.90837
34.69 1 1.06605 0.913273
34.7 1 1.071 0.918186
34.71 1 1.07595 0.923107
34.72 1 1.08088 0.928038
34.73 1 1.08581 0.932976
34.74 1 1.09073 0.937922
34.75 1 1.09565 0.942875
34.76 1 1.10055 0.947835
34.77 1 1.10544 0.9528
34.78 1 1.11032 0.957772
34.79 1 1.1152 0.962748
34.8 1 1.12006 0.967729
34.81 1 1.1249 0.972715
34.82 1 1.12974 0.977704
34.83 1 1.13456 0.982696
34.84 1 1.13937 0.987691
34.85 1 1.14416 0.992688
34.86 1 1.14894 0.997686
34.87 1 1.15371 1.00269
34.88 1 1.15846 1.00769
34.89 1 1.16319 1.01269
34.9 1 1.16791 1.01769
34.91 1 1.17261 1.02269
34.92 1 1.1773 1.02769
34.93 1 1.18196 1.03268
34.94 1 1.18661 1.03768
34.95 1 1.19124 1.04267
34.96 1 1.19585 1.04766
34.97 1 1.20044 1.05265
34.98 1 1.20501 1.05763
34.99 1 1.20956 1.0626
35 1 1.21409 1.06758
35.01 1 1.2186 1.07254
35.02 1 1.22308 1.0775
35.03 1 1.22755 1.08245
35.04 1 1.23199 1.0874
35.05 1 1.23641 1.09234
35.06 1 1.2408 1.09727
35.07 1 1.24517 1.10219
35.08 1 1.24952 1.1071
35.09 1 1.25384 1.11201
35.1 1 1.25813 1.1169
35.11 1 1.2624 1.12178
35.12 1 1.26664 1.12666
35.13 1 1.27086 1.13152
35.14 1 1.27505 1.13637
35.15 1 1.27921 1.1412
35.16 1 1.28334 1.14603
35.17 1 1.28745 1.15084
35.18 1 1.29153 1.15563
35.19 1 1.29557 1.16041
35.2 1 1.29959 1.16518
35.21 1 1.30358 1.16994
35.22 1 1.30754 1.17467
35.23 1 1.31146 1.17939
35.24 1 1.31536 1.1841
35.25 1 1.31922 1.18878
35.26 1 1.32306 1.19345
35.27 1 1.32686 1.19811
35.28 1 1.33062 1.20274
35.29 1 1.33436 1.20735
35.3 1 1.33806 1.21195
35.31 1 1.34173 1.21653
35.32 1 1.34536 1.22108
35.33 1 1.34896 1.22562
35.34 1 1.35252 1.23013
35.35 1 1.35605 1.23462
35.36 1 1.35954 1.23909
35.37 1 1.363 1.24354
35.38 1 1.36642 1.24797
35.39 1 1.3698 1.25237
35.4 1 1.37315 1.25675
35.41 1 1.37646 1.2611
35.42 1 1.37973 1.26543
35.43 1 1.38296 1.26973
35.44 1 1.38616 1.27401
35.45 1 1.38932 1.27827
35.46 1 1.39243 1.28249
35.47 1 1.39551 1.2867
35.48 1 1.39855 1.29087
35.49 1 1.40155 1.29502
35.5 1 1.40451 1.29913
35.51 1 1.40743 1.30322
35.52 1 1.41031 1.30729
35.53 1 1.41314 1.31132
35.54 1 1.41594 1.31532
35.55 1 1.41869 1.3193
35.56 1 1.4214 1.32324
35.57 1 1.42407 1.32715
35.58 1 1.4267 1.33103
35.59 1 1.42929 1.33488
35.6 1 1.43183 1.3387
35.61 1 1.43433 1.34249
35.62 1 1.43678 1.34624
35.63 1 1.43919 1.34996
35.64 1 1.44156 1.35365
35.65 1 1.44389 1.35731
35.66 1 1.44616 1.36093
35.67 1 1.4484 1.36451
35.68 1 1.45059 1.36807
35.69 1 1.45273 1.37158
35.7 1 1.45483 1.37507
35.71 1 1.45689 1.37851
35.72 1 1.4589 1.38192
35.73 1 1.46086 1.3853
35.74 1 1.46277 1.38863
35.75 1 1.46464 1.39193
35.76 1 1.46647 1.3952
35.77 1 1.46824 1.39842
35.78 1 1.46997 1.40161
35.79 1 1.47166 1.40476
35.8 1 1.47329 1.40787
35.81 1 1.47488 1.41094
35.82 1 1.47642 1.41398
35.83 1 1.47792 1.41697
35.84 1 1.47936 1.41992
35.85 1 1.48076 1.42284
35.86 1 1.48211 1.42571
35.87 1 1.48341 1.42854
35.88 1 1.48466 1.43134
35.89 1 1.48587 1.43409
35.9 1 1.48702 1.4368
35.91 1 1.48813 1.43947
35.92 1 1.48919 1.44209
35.93 1 1.4902 1.44468
35.94 1 1.49116 1.44722
35.95 1 1.49207 1.44972
35.96 1 1.49293 1.45217
35.97 1 1.49375 1.45459
35.98 1 1.49451 1.45696
35.99 1 1.49522 1.45928
36 1 1.49589 1.46157
36.01 1 1.4965 1.4638
36.02 1 1.49707 1.466
36.03 1 1.49759 1.46815
36.04 1 1.49805 1.47025
36.05 1 1.49847 1.47231
36.06 1 1.49883 1.47433
36.07 1 1.49915 1.4763
36.08 1 1.49942 1.47822
36.09 1 1.49963 1.4801
36.1 1 1.4998 1.48194
36.11 1 1.49992 1.48372
36.12 1 1.49998 1.48546
36.13 1 1.5 1.48716
36.14 1 1.49997 1.48881
36.15 1 1.49988 1.49041
36.16 1 1.49975 1.49196
36.17 1 1.49957 1.49347
36.18 1 1.49933 1.49493
36.19 1 1.49905 1.49635
36.2 1 1.49872 1.49771
36.21 1 1.49833 1.49903
36.22 1 1.4979 1.5003
36.23 1 1.49742 1.50152
36.24 1 1.49688 1.5027
36.25 1 1.4963 1.50383
36.26 1 1.49567 1.5049
36.27 1 1.49499 1.50593
36.28 1 1.49426 1.50692
36.29 1 1.49348 1.50785
36.3 1 1.49265 1.50874
36.31 1 1.49177 1.50957
36.32 1 1.49084 1.51036
36.33 1 1.48987 1.5111
36.34 1 1.48884 1.51179
36.35 1 1.48776 1.51243
36.36 1 1.48664 1.51303
36.37 1 1.48547 1.51357
36.38 1 1.48425 1.51406
36.39 1 1.48298 1.51451
36.4 1 1.48166 1.51491
36.41 1 1.48029 1.51525
36.42 1 1.47888 1.51555
36.43 1 1.47742 1.5158
36.44 1 1.47591 1.516
36.45 1 1.47435 1.51615
36.46 1 1.47275 1.51625
36.47 1 1.4711 1.5163
36.48 1 1.4694 1.5163
36.49 1 1.46765 1.51626
36.5 1 1.46586 1.51616
36.51 1 1.46402 1.51601
36.52 1 1.46213 1.51582
36.53 1 1.4602 1.51558
36.54 1 1.45822 1.51528
36.55 1 1.4562 1.51494
36.56 1 1.45413 1.51455
36.57 1 1.45202 1.51411
36.58 1 1.44986 1.51361
36.59 1 1.44765 1.51308
36.6 1 1.4454 1.51249
36.61 1 1.44311 1.51185
36.62 1 1.44077 1.51116
36.63 1 1.43839 1.51043
36.64 1 1.43596 1.50964
36.65 1 1.43349 1.50881
36.66 1 1.43098 1.50793
36.67 1 1.42842 1.507
36.68 1 1.42582 1.50602
36.69 1 1.42318 1.505
36.7 1 1.4205 1.50392
36.71 1 1.41777 1.5028
36.72 1 1.415 1.50163
36.73 1 1.41219 1.50041
36.74 1 1.40934 1.49914
36.75 1 1.40645 1.49783
36.76 1 1.40352 1.49647
36.77 1 1.40054 1.49506
36.78 1 1.39753 1.4936
36.79 1 1.39448 1.4921
36.8 1 1.39139 1.49055
36.81 1 1.38826 1.48895
36.82 1 1.38509 1.4873
36.83 1 1.38188 1.48561
36.84 1 1.37863 1.48388
36.85 1 1.37535 1.48209
36.86 1 1.37203 1.48026
36.87 1 1.36867 1.47839
36.88 1 1.36527 1.47647
36.89 1 1.36184 1.4745
36.9 1 1.35837 1.47249
36.91 1 1.35486 1.47044
36.92 1 1.35132 1.46833
36.93 1 1.34775 1.46619
36.94 1 1.34414 1.464
36.95 1 1.34049 1.46176
36.96 1 1.33682 1.45948
36.97 1 1.3331 1.45716
36.98 1 1.32936 1.45479
36.99 1 1.32558 1.45239
37 1 1.32177 1.44993
37.01 1 1.31793 1.44744
37.02 1 1.31405 1.4449
37.03 1 1.31014 1.44232
37.04 1 1.30621 1.4397
37.05 1 1.30224 1.43703
37.06 1 1.29824 1.43432
37.07 1 1.29421 1.43158
37.08 1 1.29016 1.42879
37.09 1 1.28607 1.42596
37.1 1 1.28195 1.42309
37.11 1 1.27781 1.42018
37.12 1 1.27364 1.41723
37.13 1 1.26944 1.41424
37.14 1 1.26522 1.41121
37.15 1 1.26096 1.40814
37.16 1 1.25669 1.40503
37.17 1 1.25238 1.40189
37.18 1 1.24805 1.3987
37.19 1 1.2437 1.39548
37.2 1 1.23932 1.39222
37.21 1 1.23492 1.38892
37.22 1 1.2305 1.38559
37.23 1 1.22605 1.38222
37.24 1 1.22158 1.37881
37.25 1 1.21708 1.37537
37.26 1 1.21257 1.37189
37.27 1 1.20803 1.36837
37.28 1 1.20347 1.36483
37.29 1 1.1989 1.36124
37.3 1 1.1943 1.35762
37.31 1 1.18968 1.35397
37.32 1 1.18505 1.35029
37.33 1 1.18039 1.34657
37.34 1 1.17572 1.34282
37.35 1 1.17103 1.33903
37.36 1 1.16632 1.33522
37.37 1 1.1616 1.33137
37.38 1 1.15686 1.32749
37.39 1 1.15211 1.32358
37.4 1 1.14734 1.31964
37.41 1 1.14255 1.31567
37.42 1 1.13775 1.31167
37.43 1 1.13294 1.30764
37.44 1 1.12811 1.30358
37.45 1 1.12327 1.29949
37.46 1 1.11842 1.29537
37.47 1 1.11356 1.29123
37.48 1 1.10868 1.28706
37.49 1 1.1038 1.28286
37.5 1 1.0989 1.27864
37.51 1 1.09399 1.27438
37.52 1 1.08908 1.27011
37.53 1 1.08415 1.2658
37.54 1 1.07922 1.26148
37.55 1 1.07428 1.25713
37.56 1 1.06933 1.25275
37.57 1 1.06438 1.24835
37.58 1 1.05942 1.24393
37.59 1 1.05445 1.23948
37.6 1 1.04947 1.23501
37.61 1 1.0445 1.23052
37.62 1 1.03951 1.22601
37.63 1 1.03453 1.22148
37.64 1 1.02954 1.21692
37.65 1 1.02455 1.21235
37.66 1 1.01955 1.20775
37.67 1 1.01455 1.20314
37.68 1 1.00956 1.19851
37.69 1 1.00456 1.19386
